Monat;KW;Jahr;Datum;Hof;Schicht;Tour;Tonnage;Abfallart
1;1;2019;02.01.19;VMG;1;12;32,08;HM
1;1;2019;02.01.19;VMG;1;25;33,02;HM
1;1;2019;02.01.19;VMG;1;32;37,26;HM
1;1;2019;02.01.19;VMG;1;36;32,39;HM
1;1;2019;02.01.19;VMN;1;40;32,35;HM
1;1;2019;02.01.19;VMN;1;51;40,27;HM
1;1;2019;04.01.19;VMF;1;9;31,42;HM
1;1;2019;04.01.19;VMN;1;1;34,3;HM
1;1;2019;04.01.19;VMN;1;2;33,3;HM
1;1;2019;04.01.19;VMN;1;3;30,7;HM
1;1;2019;04.01.19;VMN;1;4;34,18;HM
1;1;2019;04.01.19;VMN;1;5;32,12;HM
1;1;2019;04.01.19;VMN;1;8;31,14;HM
1;2;2019;08.01.19;VMG;1;26;32,08;HM
1;3;2019;14.01.19;VMG;1;34;31,59;HM
1;3;2019;14.01.19;VMG;1;41;31,56;HM
1;3;2019;14.01.19;VMM;1;4;30,59;HM
1;3;2019;15.01.19;VMG;1;25;31,9;HM
1;3;2019;15.01.19;VMG;1;26;31,46;HM
1;3;2019;15.01.19;VMG;1;32;31,12;HM
1;3;2019;15.01.19;VMM;1;39;31,78;HM
1;3;2019;15.01.19;VMN;1;40;32,99;HM
1;4;2019;22.01.19;VMN;1;40;30,79;HM
1;5;2019;28.01.19;VMG;1;41;30,46;HM
1;5;2019;29.01.19;VMN;1;6;30,74;HM
1;5;2019;29.01.19;VMN;1;40;31,77;HM
2;6;2019;04.02.19;VMG;1;41;30,92;HM
2;7;2019;12.02.19;VMF;1;5;38,32;HM
2;7;2019;12.02.19;VMG;1;26;30,54;HM
2;7;2019;12.02.19;VMG;1;32;31,92;HM
2;7;2019;12.02.19;VMN;1;36;32,17;HM
2;7;2019;12.02.19;VMN;1;40;31,38;HM
2;8;2019;18.02.19;VMG;1;34;30,93;HM
2;8;2019;18.02.19;VMG;1;41;32,97;HM
2;8;2019;19.02.19;VMG;1;12;31,38;HM
2;8;2019;19.02.19;VMG;1;26;31,1;HM
2;8;2019;19.02.19;VMG;1;32;32,86;HM
2;8;2019;19.02.19;VMG;1;42;30,67;HM
2;9;2019;26.02.19;VMG;1;32;32,54;HM
3;10;2019;04.03.19;VMG;1;34;31,6;HM
3;11;2019;11.03.19;VMG;1;32;30,54;HM
3;11;2019;11.03.19;VMM;1;4;30,82;HM
3;12;2019;18.03.19;VMG;1;32;31,1;HM
3;12;2019;18.03.19;VMG;1;34;30,82;HM
3;12;2019;19.03.19;VMF;1;24;30,79;HM
3;12;2019;19.03.19;VMG;1;26;31,4;HM
3;12;2019;19.03.19;VMG;1;32;31,44;HM
3;12;2019;19.03.19;VMN;1;4;31,64;HM
3;12;2019;22.03.19;VMM;1;21;31,23;HM
3;13;2019;25.03.19;VMG;1;12;31,1;HM
3;13;2019;25.03.19;VMG;1;32;33,56;HM
3;13;2019;25.03.19;VMG;1;34;32,82;HM
3;13;2019;25.03.19;VMG;1;41;31,28;HM
3;13;2019;25.03.19;VMM;1;4;30,77;HM
3;13;2019;26.03.19;VMG;1;26;30,8;HM
3;13;2019;26.03.19;VMG;1;32;31,62;HM
4;14;2019;01.04.19;VMG;1;4;31,26;HM
4;14;2019;01.04.19;VMG;1;34;31,97;HM
4;14;2019;01.04.19;VMM;1;4;30,75;HM
4;14;2019;02.04.19;VMF;1;24;32,47;HM
4;14;2019;02.04.19;VMG;1;26;32,02;HM
4;14;2019;02.04.19;VMG;1;32;33,95;HM
4;14;2019;02.04.19;VMG;1;41;33,46;HM
4;14;2019;02.04.19;VMM;1;25;30,97;HM
4;14;2019;02.04.19;VMN;1;4;30,99;HM
4;14;2019;05.04.19;VMG;1;9;32,68;HM
4;15;2019;08.04.19;VMF;1;9;31,48;HM
4;15;2019;08.04.19;VMG;1;12;33,34;HM
4;15;2019;08.04.19;VMG;1;32;32,63;HM
4;15;2019;08.04.19;VMG;1;34;33,14;HM
4;15;2019;08.04.19;VMG;1;41;32,1;HM
4;15;2019;09.04.19;VMG;1;25;34,04;HM
4;15;2019;09.04.19;VMG;1;26;32,12;HM
4;15;2019;09.04.19;VMG;1;32;33,65;HM
4;15;2019;09.04.19;VMG;1;36;30,61;HM
4;15;2019;09.04.19;VMG;1;48;30,5;HM
4;15;2019;09.04.19;VMN;1;2;33,93;HM
4;15;2019;09.04.19;VMN;1;48;30,86;HM
4;16;2019;15.04.19;VMG;1;34;31,18;HM
4;16;2019;15.04.19;VMG;1;41;32,68;HM
4;16;2019;16.04.19;VMG;1;32;30,71;HM
4;17;2019;23.04.19;VMF;1;9;31,85;HM
4;17;2019;23.04.19;VMG;1;4;30,72;HM
4;17;2019;23.04.19;VMG;1;12;33,0;HM
4;17;2019;23.04.19;VMG;1;32;36,71;HM
4;17;2019;23.04.19;VMG;1;34;33,22;HM
4;17;2019;23.04.19;VMG;1;41;35,58;HM
4;17;2019;23.04.19;VMM;1;4;32,28;HM
4;17;2019;23.04.19;VMN;1;1;31,6;HM
4;17;2019;24.04.19;VMG;1;32;31,5;HM
4;18;2019;30.04.19;VMG;1;26;30,48;HM
4;18;2019;30.04.19;VMG;1;32;30,52;HM
5;18;2019;02.05.19;VMN;1;45;31,45;HM
5;18;2019;03.05.19;VMM;1;4;30,73;HM
5;18;2019;04.05.19;VMN;1;20;31,96;HM
5;20;2019;13.05.19;VMG;1;4;31,06;HM
5;20;2019;13.05.19;VMG;1;34;31,28;HM
5;20;2019;13.05.19;VMG;1;41;30,7;HM
5;20;2019;14.05.19;VMG;1;12;31,66;HM
5;20;2019;14.05.19;VMG;1;25;31,3;HM
5;20;2019;14.05.19;VMG;1;26;31,4;HM
5;21;2019;20.05.19;VMG;1;32;31,14;HM
5;21;2019;20.05.19;VMG;1;34;32,56;HM
5;21;2019;21.05.19;VMG;1;12;32,5;HM
5;21;2019;21.05.19;VMG;1;25;34,32;HM
5;21;2019;21.05.19;VMG;1;26;31,85;HM
5;21;2019;21.05.19;VMG;1;32;33,64;HM
5;22;2019;27.05.19;VMF;1;9;33,04;HM
5;22;2019;27.05.19;VMG;1;4;30,64;HM
5;22;2019;27.05.19;VMG;1;12;31,78;HM
5;22;2019;27.05.19;VMG;1;32;31,03;HM
5;22;2019;27.05.19;VMG;1;34;32,5;HM
5;22;2019;27.05.19;VMG;1;41;31,84;HM
5;22;2019;27.05.19;VMM;1;4;30,61;HM
5;22;2019;28.05.19;VMG;1;25;33,62;HM
5;22;2019;28.05.19;VMG;1;32;30,67;HM
5;22;2019;31.05.19;VMG;1;4;32,12;HM
5;22;2019;31.05.19;VMG;1;12;33,12;HM
5;22;2019;31.05.19;VMG;1;32;33,41;HM
5;22;2019;31.05.19;VMG;1;34;32,72;HM
6;22;2019;01.06.19;VMM;1;15;32,17;HM
6;24;2019;11.06.19;VMG;1;4;34,3;HM
6;24;2019;11.06.19;VMG;1;12;35,22;HM
6;24;2019;11.06.19;VMG;1;32;34,07;HM
6;24;2019;11.06.19;VMG;1;34;34,2;HM
6;24;2019;11.06.19;VMG;1;40;33,37;HM
6;24;2019;11.06.19;VMG;1;41;34,68;HM
6;24;2019;11.06.19;VMM;1;4;33,42;HM
6;24;2019;11.06.19;VMN;1;50;32,02;HM
6;24;2019;12.06.19;VMF;1;13;32,1;HM
6;24;2019;12.06.19;VMF;1;37;32,83;HM
6;24;2019;12.06.19;VMG;1;12;34,8;HM
6;24;2019;12.06.19;VMG;1;24;31,15;HM
6;24;2019;12.06.19;VMG;1;25;33,94;HM
6;24;2019;12.06.19;VMG;1;26;36,24;HM
6;24;2019;12.06.19;VMG;1;32;41,3;HM
6;24;2019;12.06.19;VMG;1;36;30,75;HM
6;24;2019;12.06.19;VMG;1;41;35,54;HM
6;24;2019;12.06.19;VMG;1;50;32,44;HM
6;24;2019;12.06.19;VMN;1;1;30,58;HM
6;24;2019;14.06.19;VMF;1;9;32,01;HM
6;26;2019;24.06.19;VMG;1;12;32,44;HM
6;26;2019;24.06.19;VMG;1;32;31,01;HM
6;26;2019;24.06.19;VMG;1;34;31,7;HM
6;26;2019;24.06.19;VMG;1;41;32,3;HM
6;26;2019;24.06.19;VMN;1;45;31,05;HM
6;26;2019;25.06.19;VMG;1;25;32,22;HM
6;26;2019;25.06.19;VMG;1;32;31,49;HM
8;32;2019;05.08.19;VMG;1;41;32,2;HM
8;32;2019;05.08.19;VMM;1;4;30,82;HM
8;32;2019;07.08.19;VMN;1;45;39,62;HM
8;33;2019;15.08.19;VMN;1;45;31,61;HM
8;34;2019;19.08.19;VMG;1;34;30,78;HM
8;34;2019;20.08.19;VMG;1;32;30,67;HM
8;35;2019;28.08.19;VMN;1;45;33,16;HM
9;36;2019;03.09.19;VMG;1;32;30,79;HM
9;36;2019;03.09.19;VMN;1;6;30,74;HM
9;37;2019;09.09.19;VMG;1;34;30,52;HM
9;37;2019;10.09.19;VMG;1;32;31,17;HM
9;38;2019;16.09.19;VMG;1;41;31,42;HM
9;38;2019;17.09.19;VMG;1;32;30,85;HM
9;39;2019;23.09.19;VMG;1;34;30,78;HM
9;39;2019;24.09.19;VMG;1;32;31,15;HM
9;40;2019;30.09.19;VMG;1;41;30,9;HM
10;40;2019;01.10.19;VMG;1;32;30,87;HM
10;40;2019;04.10.19;VMF;1;9;33,53;HM
10;40;2019;05.10.19;VMG;1;48;31,27;HM
10;42;2019;14.10.19;VMG;1;32;30,7;HM
10;42;2019;14.10.19;VMG;1;34;30,66;HM
10;42;2019;15.10.19;VMG;1;32;31,32;HM
10;43;2019;21.10.19;VMG;1;32;30,86;HM
10;43;2019;21.10.19;VMG;1;34;32,44;HM
10;44;2019;28.10.19;VMG;1;34;31,92;HM
10;44;2019;28.10.19;VMG;1;41;30,92;HM
10;44;2019;29.10.19;VMG;1;32;31,6;HM
11;45;2019;04.11.19;VMG;1;41;30,7;HM
11;45;2019;07.11.19;VMG;1;4;32,6;HM
11;46;2019;11.11.19;VMG;1;34;31,74;HM
11;46;2019;11.11.19;VMG;1;41;30,6;HM
11;46;2019;12.11.19;VMG;1;12;35,83;HM
11;46;2019;12.11.19;VMG;1;32;31,57;HM
11;46;2019;14.11.19;VMG;1;4;33,51;HM
11;47;2019;19.11.19;VMG;1;12;32,91;HM
11;47;2019;19.11.19;VMG;1;32;30,98;HM
11;47;2019;19.11.19;VMG;1;36;30,52;HM
11;48;2019;25.11.19;VMG;1;34;30,94;HM
11;48;2019;25.11.19;VMG;1;40;30,56;HM
11;48;2019;26.11.19;VMG;1;12;34,46;HM
11;48;2019;26.11.19;VMG;1;32;31,0;HM
12;49;2019;02.12.19;VMG;1;34;30,82;HM
12;49;2019;03.12.19;VMG;1;32;31,02;HM
12;50;2019;09.12.19;VMG;1;34;30,46;HM
12;50;2019;10.12.19;VMG;1;25;32,52;HM
12;50;2019;10.12.19;VMG;1;32;31,58;HM
12;51;2019;16.12.19;VMG;1;34;30,99;HM
12;51;2019;17.12.19;VMG;1;25;33,7;HM
12;51;2019;17.12.19;VMG;1;32;31,0;HM
12;52;2019;24.12.19;VMN;1;51;38,01;HM
12;52;2019;27.12.19;VMF;1;7;33,21;HM
12;52;2019;27.12.19;VMF;1;9;34,25;HM
12;52;2019;27.12.19;VMF;1;52;32,33;HM
12;52;2019;27.12.19;VMG;1;4;37,29;HM
12;52;2019;27.12.19;VMG;1;9;36,98;HM
12;52;2019;27.12.19;VMG;1;12;34,25;HM
12;52;2019;27.12.19;VMG;1;21;31,73;HM
12;52;2019;27.12.19;VMG;1;25;31,52;HM
12;52;2019;27.12.19;VMG;1;29;32,44;HM
12;52;2019;27.12.19;VMG;1;30;33,49;HM
12;52;2019;27.12.19;VMG;1;31;32,91;HM
12;52;2019;27.12.19;VMG;1;32;33,94;HM
12;52;2019;27.12.19;VMG;1;34;34,3;HM
12;52;2019;27.12.19;VMG;1;40;43,04;HM
12;52;2019;27.12.19;VMG;1;41;35,13;HM
12;52;2019;27.12.19;VMG;1;99;34,55;HM
12;52;2019;27.12.19;VMM;1;3;33,98;HM
12;52;2019;27.12.19;VMM;1;20;31,02;HM
12;52;2019;27.12.19;VMM;1;36;32,08;HM
12;52;2019;27.12.19;VMN;1;2;34,34;HM
12;52;2019;27.12.19;VMN;1;3;34,98;HM
12;52;2019;27.12.19;VMN;1;8;35,42;HM
12;52;2019;27.12.19;VMN;1;10;32,1;HM
12;52;2019;27.12.19;VMN;1;14;34,14;HM
12;52;2019;27.12.19;VMN;1;26;30,9;HM
12;52;2019;27.12.19;VMN;1;47;34,7;HM
12;52;2019;27.12.19;VMN;1;51;47,1;HM
12;52;2019;28.12.19;VMG;1;99;45,74;HM
12;52;2019;28.12.19;VMN;1;1;40,3;HM
12;52;2019;28.12.19;VMN;1;5;31,54;HM
1;1;2020;03.01.20;VMF;1;9;32,09;HM
1;1;2020;03.01.20;VMG;1;4;34,0;HM
1;1;2020;03.01.20;VMN;1;2;33,66;HM
1;1;2020;03.01.20;VMN;1;51;37,53;HM
1;2;2020;06.01.20;VMG;1;32;31,1;HM
1;3;2020;13.01.20;VMG;1;40;31,23;HM
1;3;2020;13.01.20;VMN;1;50;34,49;HM
1;3;2020;14.01.20;VMF;1;29;31,55;HM
1;3;2020;14.01.20;VMG;1;25;34,47;HM
1;4;2020;20.01.20;VMG;1;34;31,79;HM
1;4;2020;20.01.20;VMM;1;3;31,3;HM
1;4;2020;21.01.20;VMG;1;12;31,02;HM
1;4;2020;21.01.20;VMG;1;25;33,54;HM
1;4;2020;21.01.20;VMM;1;29;32,55;HM
1;5;2020;27.01.20;VMG;1;41;31,19;HM
1;5;2020;28.01.20;VMG;1;12;31,16;HM
2;6;2020;03.02.20;VMG;1;34;32,34;HM
2;6;2020;03.02.20;VMG;1;41;31,79;HM
2;6;2020;03.02.20;VMN;1;7;32,49;HM
2;6;2020;04.02.20;VMG;1;12;31,93;HM
2;6;2020;04.02.20;VMG;1;32;31,19;HM
2;6;2020;04.02.20;VMN;1;1;40,75;HM
2;6;2020;07.02.20;VMN;1;1;31,63;HM
2;7;2020;10.02.20;VMG;1;34;31,4;HM
2;7;2020;10.02.20;VMG;1;41;31,03;HM
2;7;2020;11.02.20;VMG;1;12;32,58;HM
2;7;2020;11.02.20;VMG;1;32;31,14;HM
2;8;2020;17.02.20;VMG;1;34;31,83;HM
2;8;2020;18.02.20;VMG;1;32;31,24;HM
2;9;2020;24.02.20;VMG;1;34;31,39;HM
2;9;2020;24.02.20;VMG;1;41;31,55;HM
3;10;2020;02.03.20;VMG;1;34;31,54;HM
3;10;2020;02.03.20;VMG;1;40;31,58;HM
3;10;2020;02.03.20;VMG;1;41;32,97;HM
3;10;2020;03.03.20;VMG;1;32;32,24;HM
3;11;2020;09.03.20;VMG;1;34;32,48;HM
3;11;2020;09.03.20;VMG;1;40;31,03;HM
3;11;2020;09.03.20;VMG;1;41;31,09;HM
3;11;2020;10.03.20;VMG;1;12;32,34;HM
3;11;2020;10.03.20;VMG;1;25;33,08;HM
3;11;2020;10.03.20;VMG;1;32;31,38;HM
3;12;2020;16.03.20;VMG;1;32;30,98;HM
3;12;2020;16.03.20;VMG;1;34;32,48;HM
3;12;2020;16.03.20;VMG;1;40;32,63;HM
3;12;2020;16.03.20;VMG;1;41;32,75;HM
3;12;2020;16.03.20;VMN;1;32;33,76;HM
3;12;2020;17.03.20;VMG;1;12;33,92;HM
3;12;2020;17.03.20;VMG;1;32;32,68;HM
3;12;2020;17.03.20;VMG;1;36;31,19;HM
3;13;2020;23.03.20;VMG;1;32;31,32;HM
3;13;2020;23.03.20;VMG;1;34;33,54;HM
3;13;2020;23.03.20;VMG;1;40;33,18;HM
3;13;2020;23.03.20;VMG;1;41;32,11;HM
3;13;2020;24.03.20;VMG;1;12;32,65;HM
3;13;2020;24.03.20;VMG;1;25;32,36;HM
3;13;2020;24.03.20;VMG;1;26;32,58;HM
3;13;2020;24.03.20;VMG;1;32;33,34;HM
3;13;2020;27.03.20;VMN;1;40;31,79;HM
3;14;2020;30.03.20;VMG;1;40;33,29;HM
3;14;2020;30.03.20;VMM;1;4;31,55;HM
3;14;2020;31.03.20;VMG;1;12;32,47;HM
3;14;2020;31.03.20;VMG;1;25;33,2;HM
3;14;2020;31.03.20;VMG;1;26;31,98;HM
3;14;2020;31.03.20;VMG;1;32;32,86;HM
3;14;2020;31.03.20;VMN;1;40;31,01;HM
4;14;2020;01.04.20;VMG;1;36;44,87;HM
4;15;2020;06.04.20;VMF;1;2;33,26;HM
4;15;2020;06.04.20;VMG;1;32;32,58;HM
4;15;2020;06.04.20;VMG;1;34;34,12;HM
4;15;2020;06.04.20;VMG;1;40;35,15;HM
4;15;2020;06.04.20;VMG;1;41;35,21;HM
4;15;2020;07.04.20;VMG;1;12;33,15;HM
4;15;2020;07.04.20;VMG;1;25;34,27;HM
4;15;2020;07.04.20;VMG;1;26;34,22;HM
4;15;2020;07.04.20;VMG;1;32;34,04;HM
4;15;2020;07.04.20;VMG;1;36;31,61;HM
4;15;2020;09.04.20;VMF;1;2;34,92;HM
4;15;2020;11.04.20;VMF;1;2;31,07;HM
4;15;2020;11.04.20;VMG;1;12;31,77;HM
4;15;2020;11.04.20;VMN;1;26;39,14;HM
4;16;2020;14.04.20;VMF;1;4;38,42;HM
4;16;2020;14.04.20;VMG;1;1;33,32;HM
4;16;2020;14.04.20;VMG;1;2;40,74;HM
4;16;2020;14.04.20;VMG;1;9;33,18;HM
4;16;2020;14.04.20;VMG;1;12;32,83;HM
4;16;2020;14.04.20;VMG;1;32;33,96;HM
4;16;2020;14.04.20;VMG;1;34;40,78;HM
4;16;2020;14.04.20;VMG;1;40;33,93;HM
4;16;2020;14.04.20;VMG;1;41;34,95;HM
4;16;2020;14.04.20;VMM;1;3;31,9;HM
4;16;2020;14.04.20;VMM;1;4;34,56;HM
4;16;2020;14.04.20;VMN;1;8;31,97;HM
4;16;2020;14.04.20;VMN;1;26;40,37;HM
4;16;2020;14.04.20;VMN;1;28;33,98;HM
4;16;2020;14.04.20;VMN;1;32;30,99;HM
4;16;2020;15.04.20;VMF;1;17;32,4;HM
4;16;2020;15.04.20;VMG;1;25;33,22;HM
4;16;2020;15.04.20;VMN;1;1;33,32;HM
4;16;2020;15.04.20;VMN;1;26;36,4;HM
4;16;2020;17.04.20;VMF;1;2;38,92;HM
4;16;2020;17.04.20;VMG;1;1;31,98;HM
4;16;2020;18.04.20;VMN;1;37;32,76;HM
4;17;2020;21.04.20;VMN;1;2;32,94;HM
4;18;2020;27.04.20;VMG;1;32;31,78;HM
4;18;2020;27.04.20;VMG;1;34;35,31;HM
4;18;2020;27.04.20;VMG;1;40;32,19;HM
4;18;2020;27.04.20;VMG;1;41;33,39;HM
4;18;2020;28.04.20;VMG;1;12;32,45;HM
4;18;2020;28.04.20;VMG;1;25;37,52;HM
4;18;2020;28.04.20;VMG;1;26;32,26;HM
4;18;2020;28.04.20;VMG;1;32;32,24;HM
4;18;2020;28.04.20;VMG;1;36;32,25;HM
4;18;2020;28.04.20;VMN;1;26;31,53;HM
5;18;2020;02.05.20;VMN;1;26;35,25;HM
5;19;2020;04.05.20;VMG;1;32;31,24;HM
5;19;2020;04.05.20;VMG;1;34;33,88;HM
5;19;2020;04.05.20;VMG;1;40;32,89;HM
5;19;2020;04.05.20;VMG;1;41;32,63;HM
5;20;2020;11.05.20;VMG;1;32;31,06;HM
5;20;2020;11.05.20;VMG;1;34;34,06;HM
5;20;2020;11.05.20;VMG;1;40;31,85;HM
5;20;2020;11.05.20;VMG;1;41;31,52;HM
5;21;2020;18.05.20;VMG;1;4;31,13;HM
5;21;2020;18.05.20;VMG;1;34;34,94;HM
5;21;2020;18.05.20;VMG;1;40;31,81;HM
5;21;2020;18.05.20;VMG;1;41;32,13;HM
5;21;2020;19.05.20;VMG;1;12;33,93;HM
5;21;2020;19.05.20;VMG;1;25;34,84;HM
5;21;2020;19.05.20;VMG;1;26;31,64;HM
5;21;2020;19.05.20;VMG;1;36;31,32;HM
5;21;2020;22.05.20;VMG;1;1;39,68;HM
5;21;2020;22.05.20;VMG;1;4;31,98;HM
5;21;2020;22.05.20;VMN;1;8;32,88;HM
5;22;2020;26.05.20;VMG;1;28;31,56;HM
6;23;2020;02.06.20;VMF;1;9;32,39;HM
6;23;2020;02.06.20;VMG;1;12;34,48;HM
6;23;2020;02.06.20;VMG;1;32;33,18;HM
6;23;2020;02.06.20;VMG;1;34;40,74;HM
6;23;2020;02.06.20;VMG;1;40;37,82;HM
6;23;2020;02.06.20;VMG;1;41;40,35;HM
6;23;2020;02.06.20;VMM;1;3;31,89;HM
6;23;2020;02.06.20;VMN;1;9;32,02;HM
6;23;2020;03.06.20;VMG;1;12;32,49;HM
6;23;2020;03.06.20;VMG;1;25;42,92;HM
6;23;2020;03.06.20;VMG;1;26;37,23;HM
6;23;2020;03.06.20;VMG;1;28;31,48;HM
6;23;2020;03.06.20;VMG;1;32;32,02;HM
6;23;2020;03.06.20;VMM;1;36;32,61;HM
6;23;2020;03.06.20;VMN;1;4;35,14;HM
6;25;2020;15.06.20;VMG;1;32;30,98;HM
6;25;2020;15.06.20;VMG;1;34;34,86;HM
6;25;2020;15.06.20;VMG;1;40;32,17;HM
6;25;2020;15.06.20;VMG;1;41;32,04;HM
6;25;2020;16.06.20;VMG;1;12;33,5;HM
6;25;2020;16.06.20;VMG;1;25;34,07;HM
6;25;2020;16.06.20;VMG;1;32;32,36;HM
6;26;2020;22.06.20;VMG;1;34;37,31;HM
6;26;2020;22.06.20;VMG;1;40;34,49;HM
6;26;2020;22.06.20;VMG;1;41;31,34;HM
6;26;2020;23.06.20;VMG;1;12;32,5;HM
6;26;2020;23.06.20;VMG;1;25;33,32;HM
6;26;2020;23.06.20;VMG;1;26;31,63;HM
6;27;2020;29.06.20;VMG;1;34;36,22;HM
6;27;2020;29.06.20;VMG;1;40;32,79;HM
6;27;2020;29.06.20;VMG;1;41;31,48;HM
6;27;2020;30.06.20;VMG;1;12;32,04;HM
6;27;2020;30.06.20;VMG;1;25;37,16;HM
6;27;2020;30.06.20;VMG;1;26;31,1;HM
7;28;2020;06.07.20;VMG;1;34;34,92;HM
7;28;2020;06.07.20;VMG;1;40;33,19;HM
7;28;2020;06.07.20;VMG;1;41;31,78;HM
7;28;2020;06.07.20;VMN;1;1;32,61;HM
7;28;2020;07.07.20;VMG;1;12;33,94;HM
7;28;2020;07.07.20;VMG;1;25;34,1;HM
7;29;2020;13.07.20;VMG;1;34;33,36;HM
7;29;2020;13.07.20;VMG;1;40;31,55;HM
7;29;2020;14.07.20;VMG;1;12;34,5;HM
7;29;2020;14.07.20;VMG;1;25;34,18;HM
7;30;2020;20.07.20;VMG;1;34;34,3;HM
7;30;2020;20.07.20;VMG;1;40;31,93;HM
7;30;2020;21.07.20;VMG;1;25;33,24;HM
7;31;2020;27.07.20;VMG;1;34;32,72;HM
7;31;2020;27.07.20;VMG;1;41;31,41;HM
7;31;2020;28.07.20;VMG;1;12;31,14;HM
7;31;2020;28.07.20;VMG;1;25;33,12;HM
8;32;2020;03.08.20;VMG;1;34;32,04;HM
8;32;2020;04.08.20;VMG;1;25;31,69;HM
8;33;2020;10.08.20;VMG;1;34;33,1;HM
8;33;2020;11.08.20;VMG;1;25;33,57;HM
8;34;2020;18.08.20;VMF;1;5;31,76;HM
8;34;2020;18.08.20;VMG;1;25;32,65;HM
8;35;2020;25.08.20;VMG;1;25;34,04;HM
8;36;2020;31.08.20;VMG;1;40;31,65;HM
9;36;2020;01.09.20;VMG;1;12;33,1;HM
9;36;2020;01.09.20;VMG;1;25;33,24;HM
9;37;2020;07.09.20;VMG;1;40;31,2;HM
9;37;2020;08.09.20;VMG;1;12;32,0;HM
9;37;2020;08.09.20;VMG;1;25;34,12;HM
9;38;2020;14.09.20;VMG;1;40;31,37;HM
9;38;2020;15.09.20;VMG;1;25;31,37;HM
9;39;2020;22.09.20;VMG;1;25;31,96;HM
9;39;2020;22.09.20;VMG;1;40;33,51;HM
9;40;2020;29.09.20;VMG;1;25;31,21;HM
10;41;2020;06.10.20;VMG;1;25;32,44;HM
10;41;2020;06.10.20;VMG;1;26;34,15;HM
10;42;2020;13.10.20;VMG;1;25;34,36;HM
10;42;2020;13.10.20;VMG;1;26;33,53;HM
10;43;2020;19.10.20;VMG;1;12;33,52;HM
10;43;2020;19.10.20;VMG;1;40;31,02;HM
10;43;2020;21.10.20;VMF;1;52;33,54;HM
10;43;2020;21.10.20;VMG;1;25;34,52;HM
10;43;2020;21.10.20;VMG;1;26;35,61;HM
10;43;2020;21.10.20;VMM;1;36;31,34;HM
10;43;2020;21.10.20;VMN;1;6;33,52;HM
10;43;2020;22.10.20;VMF;1;52;31,2;HM
10;43;2020;22.10.20;VMM;1;13;31,47;HM
10;43;2020;23.10.20;VMG;1;4;32,72;HM
10;43;2020;23.10.20;VMN;1;1;34,44;HM
11;45;2020;02.11.20;VMG;1;32;31,76;HM
11;45;2020;02.11.20;VMG;1;34;33,54;HM
11;45;2020;02.11.20;VMG;1;40;31,88;HM
11;45;2020;02.11.20;VMG;1;41;31,69;HM
11;45;2020;03.11.20;VMG;1;12;31,36;HM
11;45;2020;03.11.20;VMG;1;25;35,1;HM
11;46;2020;09.11.20;VMG;1;32;32,24;HM
11;46;2020;09.11.20;VMG;1;34;34,82;HM
11;46;2020;09.11.20;VMG;1;40;34,96;HM
11;46;2020;09.11.20;VMG;1;41;32,91;HM
11;46;2020;10.11.20;VMG;1;25;37,17;HM
11;46;2020;10.11.20;VMG;1;26;31,32;HM
11;46;2020;10.11.20;VMN;1;6;35,14;HM
11;46;2020;12.11.20;VMF;1;8;31,01;HM
11;47;2020;16.11.20;VMG;1;34;34,1;HM
11;47;2020;16.11.20;VMG;1;40;34,78;HM
11;47;2020;16.11.20;VMG;1;41;33,01;HM
11;47;2020;17.11.20;VMG;1;25;35,01;HM
11;47;2020;17.11.20;VMN;1;2;36,04;HM
11;47;2020;18.11.20;VMM;1;13;31,23;HM
11;48;2020;23.11.20;VMG;1;34;33,14;HM
11;48;2020;23.11.20;VMG;1;40;34,5;HM
11;48;2020;23.11.20;VMG;1;41;32,45;HM
11;48;2020;24.11.20;VMG;1;25;35,58;HM
11;49;2020;30.11.20;VMG;1;34;33,58;HM
11;49;2020;30.11.20;VMG;1;40;35,0;HM
11;49;2020;30.11.20;VMG;1;41;31,63;HM
12;49;2020;01.12.20;VMG;1;25;36,12;HM
12;49;2020;01.12.20;VMM;1;38;32,59;HM
12;50;2020;07.12.20;VMF;1;7;33,67;HM
12;50;2020;07.12.20;VMG;1;34;33,6;HM
12;50;2020;07.12.20;VMG;1;40;33,44;HM
12;50;2020;07.12.20;VMG;1;41;31,61;HM
12;50;2020;08.12.20;VMG;1;25;34,68;HM
12;51;2020;14.12.20;VMG;1;34;32,42;HM
12;51;2020;14.12.20;VMG;1;40;32,94;HM
12;51;2020;14.12.20;VMG;1;41;31,71;HM
12;51;2020;15.12.20;VMG;1;25;34,58;HM
12;51;2020;15.12.20;VMM;1;12;32,6;HM
12;52;2020;23.12.20;VMG;1;34;33,3;HM
12;53;2020;28.12.20;VMG;1;12;31,4;HM
12;53;2020;28.12.20;VMG;1;34;39,74;HM
12;53;2020;28.12.20;VMG;1;40;37,63;HM
12;53;2020;28.12.20;VMG;1;41;31,38;HM
12;53;2020;28.12.20;VMG;1;99;35,05;HM
12;53;2020;29.12.20;VMF;1;17;31,54;HM
12;53;2020;29.12.20;VMF;1;42;31,18;HM
12;53;2020;29.12.20;VMF;1;52;37,34;HM
12;53;2020;29.12.20;VMG;1;25;33,38;HM
12;53;2020;29.12.20;VMN;1;3;36,0;HM
1;1;2021;04.01.21;VMG;1;34;32,08;HM
1;1;2021;04.01.21;VMG;1;41;34,83;HM
1;1;2021;04.01.21;VMM;1;3;31,28;HM
1;1;2021;05.01.21;VMG;1;25;31,88;HM
1;2;2021;11.01.21;VMG;1;32;31,32;HM
1;2;2021;11.01.21;VMG;1;34;31,96;HM
1;2;2021;11.01.21;VMG;1;40;34,0;HM
1;2;2021;11.01.21;VMG;1;41;32,67;HM
1;2;2021;12.01.21;VMG;1;25;35,04;HM
1;2;2021;12.01.21;VMG;1;26;33,14;HM
1;3;2021;18.01.21;VMG;1;41;31,77;HM
1;3;2021;19.01.21;VMG;1;25;34,5;HM
1;3;2021;19.01.21;VMG;1;26;33,08;HM
1;4;2021;25.01.21;VMG;1;34;32,94;HM
1;4;2021;25.01.21;VMG;1;40;33,96;HM
1;4;2021;25.01.21;VMG;1;41;31,81;HM
1;4;2021;26.01.21;VMG;1;25;34,52;HM
1;4;2021;26.01.21;VMG;1;26;33,74;HM
2;5;2021;01.02.21;VMG;1;34;31,9;HM
2;5;2021;01.02.21;VMG;1;41;31,61;HM
2;5;2021;02.02.21;VMG;1;25;33,11;HM
2;5;2021;02.02.21;VMG;1;26;32,8;HM
2;5;2021;04.02.21;VMF;1;12;31,15;HM
2;6;2021;08.02.21;VMG;1;34;31,48;HM
2;7;2021;15.02.21;VMG;1;41;33,3;HM
2;7;2021;16.02.21;VMG;1;25;30,9;HM
2;7;2021;16.02.21;VMG;1;26;31,96;HM
2;7;2021;19.02.21;VMF;1;5;31,93;HM
2;8;2021;22.02.21;VMG;1;34;34,97;HM
2;8;2021;22.02.21;VMG;1;40;34,35;HM
2;8;2021;22.02.21;VMG;1;41;36,34;HM
2;8;2021;23.02.21;VMF;1;17;31,55;HM
2;8;2021;23.02.21;VMF;1;52;31,5;HM
2;8;2021;23.02.21;VMG;1;25;33,8;HM
2;8;2021;23.02.21;VMG;1;26;35,9;HM
2;8;2021;23.02.21;VMN;1;9;45,02;HM
2;8;2021;26.02.21;VMF;1;5;31,71;HM
3;9;2021;01.03.21;VMG;1;34;30,82;HM
3;9;2021;01.03.21;VMG;1;40;31,46;HM
3;9;2021;01.03.21;VMG;1;41;34,71;HM
3;9;2021;02.03.21;VMF;1;52;31,1;HM
3;9;2021;02.03.21;VMG;1;25;33,72;HM
3;9;2021;04.03.21;VMF;1;8;32,09;HM
3;9;2021;05.03.21;VMF;1;5;34,07;HM
3;10;2021;09.03.21;VMF;1;7;31,59;HM
3;10;2021;09.03.21;VMG;1;1;32,54;HM
3;10;2021;09.03.21;VMG;1;4;32,32;HM
3;10;2021;09.03.21;VMG;1;12;32,78;HM
3;10;2021;09.03.21;VMG;1;25;33,72;HM
3;10;2021;09.03.21;VMG;1;32;34,15;HM
3;10;2021;09.03.21;VMG;1;34;35,04;HM
3;10;2021;09.03.21;VMG;1;40;35,44;HM
3;10;2021;09.03.21;VMG;1;41;37,0;HM
3;10;2021;09.03.21;VMN;1;3;31,95;HM
3;10;2021;09.03.21;VMN;1;8;37,36;HM
3;10;2021;09.03.21;VMN;1;10;35,88;HM
3;10;2021;10.03.21;VMF;1;17;33,12;HM
3;10;2021;10.03.21;VMF;1;24;33,06;HM
3;10;2021;10.03.21;VMF;1;52;33,14;HM
3;10;2021;10.03.21;VMG;1;25;38,93;HM
3;10;2021;10.03.21;VMG;1;32;33,28;HM
3;10;2021;10.03.21;VMG;1;40;37,76;HM
3;10;2021;10.03.21;VMN;1;7;31,24;HM
3;10;2021;10.03.21;VMN;1;13;32,37;HM
3;10;2021;11.03.21;VMF;1;51;35,88;HM
3;11;2021;16.03.21;VMG;1;25;30,92;HM
3;12;2021;22.03.21;VMG;1;34;33,58;HM
3;12;2021;22.03.21;VMG;1;40;31,88;HM
3;12;2021;22.03.21;VMG;1;41;32,98;HM
3;12;2021;23.03.21;VMG;1;25;32,49;HM
3;13;2021;29.03.21;VMG;1;32;31,42;HM
3;13;2021;29.03.21;VMG;1;41;33,96;HM
3;13;2021;30.03.21;VMG;1;12;37,14;HM
3;13;2021;30.03.21;VMG;1;25;33,21;HM
3;13;2021;30.03.21;VMG;1;26;33,06;HM
3;13;2021;30.03.21;VMG;1;32;31,4;HM
3;13;2021;30.03.21;VMG;1;40;30,79;HM
4;13;2021;01.04.21;VMF;1;12;43,9;HM
4;13;2021;03.04.21;VMM;1;21;38,56;HM
4;14;2021;06.04.21;VMF;1;7;32,48;HM
4;14;2021;06.04.21;VMG;1;4;31,8;HM
4;14;2021;06.04.21;VMG;1;9;30,84;HM
4;14;2021;06.04.21;VMG;1;12;34,83;HM
4;14;2021;06.04.21;VMG;1;25;32,74;HM
4;14;2021;06.04.21;VMG;1;26;31,08;HM
4;14;2021;06.04.21;VMG;1;32;33,86;HM
4;14;2021;06.04.21;VMG;1;40;34,0;HM
4;14;2021;06.04.21;VMG;1;41;38,16;HM
4;14;2021;06.04.21;VMM;1;3;31,98;HM
4;14;2021;06.04.21;VMN;1;6;33,1;HM
4;14;2021;06.04.21;VMN;1;8;36,22;HM
4;14;2021;07.04.21;VMG;1;25;31,41;HM
4;14;2021;07.04.21;VMG;1;32;33,06;HM
4;14;2021;07.04.21;VMM;1;13;30,92;HM
4;14;2021;08.04.21;VMF;1;51;32,94;HM
4;14;2021;10.04.21;VMF;1;5;30,76;HM
4;15;2021;13.04.21;VMG;1;25;30,93;HM
4;16;2021;19.04.21;VMG;1;32;30,98;HM
4;16;2021;19.04.21;VMG;1;41;33,69;HM
4;16;2021;20.04.21;VMG;1;12;31,84;HM
4;16;2021;20.04.21;VMG;1;40;31,06;HM
4;17;2021;26.04.21;VMG;1;32;32,45;HM
4;17;2021;26.04.21;VMG;1;41;34,29;HM
4;17;2021;27.04.21;VMG;1;12;31,56;HM
4;17;2021;27.04.21;VMG;1;25;34,01;HM
4;17;2021;27.04.21;VMG;1;40;31,66;HM
4;17;2021;27.04.21;VMG;1;50;30,88;HM
4;17;2021;30.04.21;VMF;1;5;32,74;HM
5;18;2021;03.05.21;VMG;1;41;32,77;HM
5;18;2021;04.05.21;VMG;1;12;31,7;HM
5;18;2021;04.05.21;VMG;1;25;34,92;HM
5;18;2021;04.05.21;VMM;1;4;31,45;HM
5;19;2021;10.05.21;VMF;1;12;31,15;HM
5;19;2021;10.05.21;VMG;1;12;31,44;HM
5;19;2021;10.05.21;VMG;1;32;30,88;HM
5;19;2021;10.05.21;VMG;1;41;35,41;HM
5;19;2021;11.05.21;VMG;1;12;31,7;HM
5;19;2021;11.05.21;VMG;1;25;34,76;HM
5;19;2021;11.05.21;VMG;1;40;32,14;HM
5;19;2021;11.05.21;VMG;1;50;32,34;HM
5;19;2021;11.05.21;VMN;1;11;32,98;HM
5;19;2021;14.05.21;VMG;1;1;33,4;HM
5;19;2021;14.05.21;VMG;1;4;32,24;HM
5;19;2021;14.05.21;VMN;1;27;32,4;HM
5;19;2021;14.05.21;VMN;1;46;35,4;HM
5;19;2021;15.05.21;VMG;1;1;34,52;HM
5;19;2021;15.05.21;VMG;1;2;32,34;HM
5;20;2021;18.05.21;VMG;1;12;31,16;HM
5;21;2021;25.05.21;VMF;1;12;35,49;HM
5;21;2021;25.05.21;VMG;1;1;44,72;HM
5;21;2021;25.05.21;VMG;1;4;33,0;HM
5;21;2021;25.05.21;VMG;1;9;32,06;HM
5;21;2021;25.05.21;VMG;1;12;34,18;HM
5;21;2021;25.05.21;VMG;1;32;33,86;HM
5;21;2021;25.05.21;VMM;1;3;32,15;HM
5;21;2021;25.05.21;VMN;1;2;33,96;HM
5;21;2021;25.05.21;VMN;1;4;32,11;HM
5;21;2021;25.05.21;VMN;1;6;30,88;HM
5;21;2021;25.05.21;VMN;1;8;36,31;HM
5;21;2021;25.05.21;VMN;1;11;32,98;HM
5;21;2021;26.05.21;VMF;1;17;33,03;HM
5;21;2021;26.05.21;VMG;1;1;35,1;HM
5;21;2021;26.05.21;VMG;1;25;33,73;HM
5;21;2021;26.05.21;VMG;1;26;34,9;HM
5;21;2021;26.05.21;VMG;1;40;37,42;HM
5;21;2021;26.05.21;VMG;1;50;34,2;HM
5;21;2021;26.05.21;VMN;1;3;36,7;HM
5;21;2021;27.05.21;VMF;1;51;33,68;HM
5;21;2021;28.05.21;VMG;1;4;31,04;HM
6;23;2021;07.06.21;VMG;1;41;32,87;HM
6;23;2021;08.06.21;VMG;1;26;32,66;HM
6;23;2021;08.06.21;VMG;1;40;31,62;HM
6;23;2021;08.06.21;VMG;1;50;30,9;HM
6;24;2021;14.06.21;VMG;1;32;31,66;HM
6;24;2021;14.06.21;VMG;1;41;33,45;HM
6;24;2021;15.06.21;VMG;1;12;30,94;HM
6;25;2021;21.06.21;VMG;1;41;31,07;HM
6;25;2021;22.06.21;VMG;1;25;32,92;HM
6;26;2021;28.06.21;VMG;1;12;30,76;HM
6;26;2021;28.06.21;VMG;1;41;33,46;HM
6;26;2021;29.06.21;VMG;1;25;33,16;HM
6;26;2021;29.06.21;VMG;1;26;30,88;HM
6;26;2021;29.06.21;VMG;1;40;31,3;HM
6;26;2021;29.06.21;VMN;1;33;32,08;HM
7;26;2021;02.07.21;VMF;1;5;31,38;HM
7;27;2021;05.07.21;VMF;1;7;34,16;HM
7;27;2021;05.07.21;VMG;1;41;33,21;HM
7;27;2021;06.07.21;VMF;1;12;31,99;HM
7;27;2021;06.07.21;VMG;1;25;32,84;HM
7;28;2021;12.07.21;VMG;1;41;31,21;HM
7;28;2021;13.07.21;VMG;1;25;34,56;HM
7;28;2021;13.07.21;VMG;1;26;30,72;HM
7;29;2021;19.07.21;VMG;1;47;32,08;HM
7;29;2021;22.07.21;VMG;1;28;32,24;HM
8;31;2021;02.08.21;VMG;1;41;30,77;HM
8;31;2021;03.08.21;VMG;1;25;32,04;HM
8;32;2021;09.08.21;VMG;1;41;30,8;HM
8;32;2021;10.08.21;VMG;1;25;32,34;HM
8;32;2021;10.08.21;VMG;1;26;31,64;HM
8;33;2021;16.08.21;VMG;1;41;31,62;HM
8;33;2021;17.08.21;VMG;1;25;32,44;HM
8;34;2021;23.08.21;VMF;1;52;32,0;HM
8;34;2021;23.08.21;VMG;1;41;32,46;HM
8;34;2021;24.08.21;VMG;1;25;32,84;HM
8;34;2021;24.08.21;VMG;1;26;31,0;HM
8;34;2021;24.08.21;VMM;1;23;32,18;HM
8;35;2021;30.08.21;VMG;1;41;31,92;HM
8;35;2021;31.08.21;VMG;1;25;32,96;HM
9;36;2021;06.09.21;VMG;1;41;31,38;HM
9;36;2021;07.09.21;VMG;1;25;32,72;HM
9;36;2021;07.09.21;VMG;1;40;32,38;HM
9;36;2021;09.09.21;VMG;1;4;32,7;HM
9;37;2021;13.09.21;VMG;1;41;32,28;HM
9;37;2021;14.09.21;VMG;1;25;31,28;HM
9;37;2021;14.09.21;VMG;1;26;32,8;HM
9;38;2021;20.09.21;VMG;1;41;31,12;HM
9;38;2021;21.09.21;VMG;1;25;31,94;HM
9;39;2021;27.09.21;VMG;1;41;30,92;HM
9;39;2021;28.09.21;VMG;1;25;32,18;HM
10;40;2021;04.10.21;VMG;1;41;32,0;HM
10;40;2021;05.10.21;VMG;1;25;33,93;HM
10;40;2021;05.10.21;VMN;1;28;30,99;HM
10;41;2021;11.10.21;VMG;1;41;31,88;HM
10;41;2021;12.10.21;VMG;1;25;32,87;HM
10;42;2021;18.10.21;VMG;1;41;30,86;HM
10;42;2021;19.10.21;VMG;1;25;33,11;HM
10;43;2021;25.10.21;VMG;1;41;32,38;HM
10;43;2021;26.10.21;VMG;1;25;31,54;HM
11;44;2021;01.11.21;VMG;1;9;31,88;HM
11;44;2021;01.11.21;VMG;1;40;32,62;HM
11;44;2021;01.11.21;VMG;1;41;33,34;HM
11;44;2021;02.11.21;VMG;1;28;34,7;HM
11;44;2021;04.11.21;VMG;1;25;33,36;HM
11;45;2021;08.11.21;VMG;1;38;31,32;HM
11;45;2021;08.11.21;VMG;1;41;32,22;HM
11;46;2021;15.11.21;VMG;1;40;30,8;HM
11;46;2021;15.11.21;VMG;1;41;32,66;HM
11;46;2021;16.11.21;VMG;1;25;32,98;HM
11;47;2021;22.11.21;VMG;1;41;32,36;HM
11;47;2021;23.11.21;VMM;1;17;32,89;HM
11;47;2021;23.11.21;VMM;1;31;35,1;HM
11;48;2021;29.11.21;VMG;1;41;32,14;HM
11;48;2021;30.11.21;VMG;1;25;31,9;HM
12;49;2021;06.12.21;VMG;1;41;32,34;HM
12;49;2021;06.12.21;VMN;1;3;34,46;HM
12;49;2021;07.12.21;VMG;1;25;31,08;HM
12;49;2021;07.12.21;VMN;1;1;33,75;HM
12;50;2021;13.12.21;VMG;1;41;31,71;HM
12;50;2021;14.12.21;VMN;1;11;35,93;HM
12;51;2021;20.12.21;VMG;1;41;31,99;HM
12;51;2021;21.12.21;VMG;1;25;32,36;HM
12;51;2021;24.12.21;VMF;1;5;30,98;HM
12;52;2021;27.12.21;VMG;1;12;31,12;HM
12;52;2021;27.12.21;VMG;1;40;38,08;HM
12;52;2021;27.12.21;VMN;1;3;33,13;HM
12;52;2021;27.12.21;VMN;1;8;31,64;HM
12;52;2021;28.12.21;VMG;1;21;35,09;HM
12;52;2021;28.12.21;VMG;1;40;39,86;HM
12;52;2021;30.12.21;VMG;1;25;31,01;HM
12;52;2021;30.12.21;VMN;1;5;35,88;HM
12;52;2021;30.12.21;VMN;1;10;32,69;HM
1;1;2022;03.01.22;VMG;1;25;31,07;HM
1;1;2022;03.01.22;VMG;1;32;30,08;HM
1;1;2022;04.01.22;VMF;1;20;39,37;HM
1;1;2022;04.01.22;VMG;1;7;29,89;HM
1;1;2022;04.01.22;VMG;1;12;32,88;HM
1;1;2022;04.01.22;VMG;1;25;33,99;HM
1;1;2022;04.01.22;VMG;1;32;29,16;HM
1;1;2022;04.01.22;VMG;1;41;33,17;HM
1;1;2022;04.01.22;VMN;1;8;45,32;HM
1;1;2022;06.01.22;VMF;1;12;33,93;HM
1;1;2022;07.01.22;VMF;1;5;31,46;HM
1;1;2022;07.01.22;VMG;1;25;29,47;HM
1;2;2022;10.01.22;VMG;1;4;28,68;HM
1;2;2022;10.01.22;VMG;1;12;29,14;HM
1;2;2022;10.01.22;VMG;1;32;29,74;HM
1;2;2022;10.01.22;VMG;1;40;32,1;HM
1;2;2022;10.01.22;VMG;1;41;34,05;HM
1;2;2022;11.01.22;VMG;1;25;33,66;HM
1;2;2022;11.01.22;VMG;1;26;30,94;HM
1;2;2022;11.01.22;VMG;1;32;28,34;HM
1;3;2022;17.01.22;VMG;1;12;28,48;HM
1;3;2022;17.01.22;VMG;1;32;28,74;HM
1;3;2022;17.01.22;VMG;1;40;28,78;HM
1;3;2022;17.01.22;VMG;1;41;29,96;HM
1;3;2022;18.01.22;VMG;1;12;29,18;HM
1;3;2022;18.01.22;VMG;1;25;33,04;HM
1;3;2022;18.01.22;VMG;1;26;32,74;HM
1;3;2022;20.01.22;VMG;1;4;33,2;HM
1;3;2022;21.01.22;VMF;1;5;29,26;HM
1;4;2022;24.01.22;VMG;1;26;28,46;HM
1;4;2022;24.01.22;VMG;1;32;29,08;HM
1;4;2022;24.01.22;VMG;1;40;28,94;HM
1;4;2022;24.01.22;VMG;1;41;33,22;HM
1;4;2022;25.01.22;VMG;1;25;32,36;HM
1;4;2022;25.01.22;VMG;1;26;30,98;HM
1;5;2022;31.01.22;VMG;1;32;28,7;HM
1;5;2022;31.01.22;VMG;1;40;28,98;HM
1;5;2022;31.01.22;VMG;1;41;31,3;HM
2;5;2022;01.02.22;VMG;1;12;29,14;HM
2;5;2022;01.02.22;VMG;1;25;32,4;HM
2;5;2022;01.02.22;VMG;1;32;28,3;HM
2;5;2022;03.02.22;VMF;1;12;30,43;HM
2;6;2022;07.02.22;VMG;1;32;29,46;HM
2;6;2022;07.02.22;VMG;1;40;29,56;HM
2;6;2022;07.02.22;VMG;1;41;33,38;HM
2;6;2022;08.02.22;VMF;1;17;29,59;HM
2;6;2022;08.02.22;VMG;1;12;28,34;HM
2;6;2022;08.02.22;VMG;1;25;33,54;HM
2;6;2022;08.02.22;VMG;1;26;31,54;HM
2;6;2022;10.02.22;VMF;1;12;30,59;HM
2;6;2022;10.02.22;VMN;1;1;33,16;HM
2;7;2022;14.02.22;VMG;1;32;29,2;HM
2;7;2022;14.02.22;VMG;1;41;32,56;HM
2;7;2022;15.02.22;VMF;1;17;28,77;HM
2;7;2022;15.02.22;VMG;1;12;28,33;HM
2;7;2022;15.02.22;VMG;1;25;33,52;HM
2;7;2022;15.02.22;VMG;1;26;33,54;HM
2;8;2022;21.02.22;VMG;1;32;28,64;HM
2;8;2022;21.02.22;VMG;1;40;30,64;HM
2;8;2022;21.02.22;VMG;1;41;34,36;HM
2;8;2022;22.02.22;VMG;1;25;33,16;HM
2;8;2022;22.02.22;VMG;1;26;31,44;HM
2;8;2022;22.02.22;VMN;1;37;28,5;HM
2;9;2022;28.02.22;VMG;1;32;28,58;HM
2;9;2022;28.02.22;VMG;1;41;31,96;HM
3;9;2022;01.03.22;VMG;1;12;28,64;HM
3;10;2022;07.03.22;VMF;1;9;29,08;HM
3;10;2022;07.03.22;VMG;1;40;29,06;HM
3;10;2022;07.03.22;VMG;1;41;32,36;HM
3;10;2022;07.03.22;VMM;1;27;29,0;HM
3;10;2022;09.03.22;VMG;1;7;31,49;HM
3;10;2022;09.03.22;VMG;1;9;29,32;HM
3;10;2022;09.03.22;VMG;1;12;32,74;HM
3;10;2022;09.03.22;VMG;1;25;33,6;HM
3;10;2022;09.03.22;VMG;1;26;35,02;HM
3;10;2022;09.03.22;VMG;1;32;32,7;HM
3;10;2022;09.03.22;VMG;1;40;30,78;HM
3;10;2022;09.03.22;VMM;1;19;29,01;HM
3;10;2022;09.03.22;VMN;1;2;29,07;HM
3;10;2022;09.03.22;VMN;1;6;33,61;HM
3;10;2022;10.03.22;VMF;1;12;28,37;HM
3;10;2022;10.03.22;VMF;1;51;32,14;HM
3;10;2022;10.03.22;VMF;1;52;28,7;HM
3;10;2022;11.03.22;VMF;1;7;31,67;HM
3;10;2022;11.03.22;VMN;1;1;32,88;HM
3;10;2022;11.03.22;VMN;1;8;31,9;HM
3;10;2022;12.03.22;VMF;1;5;29,51;HM
3;11;2022;14.03.22;VMG;1;41;31,0;HM
3;11;2022;15.03.22;VMG;1;25;31,04;HM
3;12;2022;21.03.22;VMG;1;32;29,24;HM
3;12;2022;21.03.22;VMG;1;40;30,4;HM
3;12;2022;21.03.22;VMG;1;41;34,64;HM
3;12;2022;22.03.22;VMG;1;25;33,24;HM
3;12;2022;22.03.22;VMG;1;26;34,5;HM
3;12;2022;24.03.22;VMG;1;45;29,21;HM
3;13;2022;28.03.22;VMF;1;8;28,71;HM
3;13;2022;28.03.22;VMG;1;4;29,7;HM
3;13;2022;28.03.22;VMG;1;32;31,24;HM
3;13;2022;28.03.22;VMG;1;40;29,3;HM
3;13;2022;28.03.22;VMG;1;41;34,66;HM
3;13;2022;29.03.22;VMG;1;7;29,35;HM
3;13;2022;29.03.22;VMG;1;12;28,44;HM
3;13;2022;29.03.22;VMG;1;25;32,32;HM
4;14;2022;04.04.22;VMF;1;8;28,89;HM
4;14;2022;04.04.22;VMG;1;32;28,7;HM
4;14;2022;04.04.22;VMG;1;40;28,52;HM
4;14;2022;04.04.22;VMG;1;41;34,26;HM
4;14;2022;05.04.22;VMG;1;25;32,08;HM
4;14;2022;05.04.22;VMG;1;26;31,0;HM
4;15;2022;11.04.22;VMG;1;4;28,68;HM
4;15;2022;11.04.22;VMG;1;32;30,02;HM
4;15;2022;11.04.22;VMG;1;41;33,58;HM
4;15;2022;12.04.22;VMG;1;12;29,34;HM
4;15;2022;12.04.22;VMG;1;25;33,14;HM
4;15;2022;12.04.22;VMG;1;26;34,08;HM
4;15;2022;12.04.22;VMG;1;37;28,49;HM
4;15;2022;14.04.22;VMF;1;12;34,27;HM
4;16;2022;19.04.22;VMG;1;4;33,58;HM
4;16;2022;19.04.22;VMG;1;7;28,81;HM
4;16;2022;19.04.22;VMG;1;26;30,24;HM
4;16;2022;19.04.22;VMG;1;32;33,46;HM
4;16;2022;19.04.22;VMG;1;40;33,58;HM
4;16;2022;19.04.22;VMG;1;41;40,92;HM
4;16;2022;19.04.22;VMM;1;3;29,81;HM
4;16;2022;19.04.22;VMM;1;27;28,7;HM
4;16;2022;19.04.22;VMN;1;6;31,82;HM
4;16;2022;19.04.22;VMN;1;8;32,6;HM
4;16;2022;19.04.22;VMN;1;9;29,26;HM
4;16;2022;19.04.22;VMN;1;10;32,86;HM
4;16;2022;20.04.22;VMG;1;12;28,84;HM
4;16;2022;20.04.22;VMG;1;25;40,64;HM
4;16;2022;20.04.22;VMG;1;26;34,58;HM
4;16;2022;21.04.22;VMF;1;51;33,9;HM
4;17;2022;25.04.22;VMG;1;41;29,92;HM
4;17;2022;26.04.22;VMG;1;26;29,42;HM
5;18;2022;02.05.22;VMF;1;8;30,01;HM
5;18;2022;02.05.22;VMG;1;4;31,14;HM
5;18;2022;02.05.22;VMG;1;32;31,86;HM
5;18;2022;02.05.22;VMG;1;40;31,14;HM
5;18;2022;02.05.22;VMG;1;41;34,74;HM
5;18;2022;02.05.22;VMM;1;2;29,25;HM
5;18;2022;02.05.22;VMM;1;3;29,19;HM
5;18;2022;03.05.22;VMG;1;12;28,88;HM
5;18;2022;03.05.22;VMG;1;26;33,8;HM
5;18;2022;03.05.22;VMM;1;2;30,18;HM
5;19;2022;09.05.22;VMG;1;4;29,5;HM
5;19;2022;09.05.22;VMG;1;32;30,56;HM
5;19;2022;09.05.22;VMG;1;40;28,9;HM
5;19;2022;09.05.22;VMG;1;41;34,22;HM
5;19;2022;09.05.22;VMM;1;2;31,61;HM
5;19;2022;09.05.22;VMM;1;3;30,43;HM
5;19;2022;10.05.22;VMG;1;12;31,94;HM
5;19;2022;10.05.22;VMG;1;26;32,84;HM
5;19;2022;10.05.22;VMM;1;2;28,97;HM
5;19;2022;13.05.22;VMG;1;28;30,51;HM
5;20;2022;16.05.22;VMG;1;4;29,28;HM
5;20;2022;16.05.22;VMG;1;28;32,07;HM
5;20;2022;16.05.22;VMG;1;32;29,9;HM
5;20;2022;16.05.22;VMG;1;40;29,52;HM
5;20;2022;16.05.22;VMG;1;41;34,0;HM
5;20;2022;16.05.22;VMM;1;2;31,44;HM
5;20;2022;17.05.22;VMG;1;12;30,51;HM
5;20;2022;17.05.22;VMG;1;26;34,06;HM
5;20;2022;17.05.22;VMM;1;2;29,6;HM
5;20;2022;20.05.22;VMG;1;25;31,57;HM
5;21;2022;23.05.22;VMG;1;4;30,34;HM
5;21;2022;23.05.22;VMG;1;32;29,58;HM
5;21;2022;23.05.22;VMG;1;41;34,74;HM
5;21;2022;23.05.22;VMM;1;2;31,38;HM
5;21;2022;23.05.22;VMM;1;3;28,83;HM
5;21;2022;24.05.22;VMG;1;12;28,3;HM
5;21;2022;24.05.22;VMG;1;25;31,23;HM
5;21;2022;24.05.22;VMG;1;26;32,94;HM
5;21;2022;24.05.22;VMM;1;2;30,31;HM
5;21;2022;27.05.22;VMG;1;4;29,3;HM
5;21;2022;27.05.22;VMM;1;2;33,16;HM
5;22;2022;30.05.22;VMG;1;41;30,72;HM
6;23;2022;07.06.22;VMF;1;12;33,47;HM
6;23;2022;07.06.22;VMG;1;1;39,46;HM
6;23;2022;07.06.22;VMG;1;12;30,98;HM
6;23;2022;07.06.22;VMG;1;26;29,92;HM
6;23;2022;07.06.22;VMG;1;32;34,48;HM
6;23;2022;07.06.22;VMG;1;41;34,62;HM
6;23;2022;07.06.22;VMG;1;57;29,41;HM
6;23;2022;07.06.22;VMM;1;2;35,7;HM
6;23;2022;07.06.22;VMM;1;3;31,95;HM
6;23;2022;07.06.22;VMN;1;2;29,55;HM
6;23;2022;07.06.22;VMN;1;10;35,68;HM
6;23;2022;08.06.22;VMG;1;1;36,04;HM
6;23;2022;08.06.22;VMG;1;26;32,92;HM
6;23;2022;08.06.22;VMG;1;40;30,25;HM
6;23;2022;08.06.22;VMM;1;2;33,0;HM
6;23;2022;08.06.22;VMN;1;33;29,6;HM
6;23;2022;10.06.22;VMM;1;2;31,2;HM
6;25;2022;20.06.22;VMG;1;41;34,52;HM
6;25;2022;21.06.22;VMG;1;26;29,28;HM
6;25;2022;21.06.22;VMM;1;2;28,43;HM
6;25;2022;21.06.22;VMN;1;33;30,26;HM
6;26;2022;27.06.22;VMG;1;4;29,12;HM
6;26;2022;27.06.22;VMG;1;32;29,64;HM
6;26;2022;27.06.22;VMG;1;41;34,34;HM
6;26;2022;27.06.22;VMM;1;2;31,02;HM
6;26;2022;28.06.22;VMG;1;26;30,1;HM
7;27;2022;04.07.22;VMG;1;4;31,52;HM
7;27;2022;04.07.22;VMG;1;41;32,8;HM
7;27;2022;04.07.22;VMM;1;2;32,75;HM
7;27;2022;05.07.22;VMG;1;12;29,09;HM
7;27;2022;05.07.22;VMG;1;26;33,0;HM
7;27;2022;07.07.22;VMF;1;8;28,68;HM
7;27;2022;07.07.22;VMG;1;15;28,65;HM
7;28;2022;11.07.22;VMG;1;32;29,12;HM
7;28;2022;11.07.22;VMG;1;41;31,0;HM
7;28;2022;11.07.22;VMM;1;2;30,55;HM
7;28;2022;11.07.22;VMN;1;33;32,44;HM
7;28;2022;12.07.22;VMF;1;17;31,23;HM
7;28;2022;12.07.22;VMG;1;26;31,94;HM
7;29;2022;19.07.22;VMN;1;7;28,82;HM
7;30;2022;25.07.22;VMG;1;41;30,38;HM
7;30;2022;26.07.22;VMM;1;2;28,44;HM
8;31;2022;01.08.22;VMG;1;41;33,98;HM
8;31;2022;02.08.22;VMG;1;26;28,6;HM
8;32;2022;08.08.22;VMG;1;41;33,46;HM
8;32;2022;09.08.22;VMG;1;25;29,57;HM
8;33;2022;15.08.22;VMG;1;41;33,67;HM
8;33;2022;17.08.22;VMN;1;45;28,67;HM
8;34;2022;22.08.22;VMG;1;32;29,0;HM
8;34;2022;22.08.22;VMG;1;41;34,42;HM
8;34;2022;23.08.22;VMF;1;52;29,02;HM
8;34;2022;23.08.22;VMG;1;25;31,67;HM
8;34;2022;23.08.22;VMG;1;26;31,08;HM
8;34;2022;23.08.22;VMG;1;57;29,99;HM
8;34;2022;23.08.22;VMM;1;2;31,44;HM
8;34;2022;23.08.22;VMN;1;33;31,06;HM
8;34;2022;25.08.22;VMM;1;2;32,64;HM
8;35;2022;29.08.22;VMG;1;4;29,56;HM
8;35;2022;29.08.22;VMG;1;32;29,76;HM
8;35;2022;29.08.22;VMG;1;41;35,24;HM
8;35;2022;30.08.22;VMG;1;26;30,64;HM
8;35;2022;30.08.22;VMM;1;2;32,17;HM
8;35;2022;30.08.22;VMM;1;34;28,86;HM
9;35;2022;01.09.22;VMM;1;2;28,7;HM
9;36;2022;05.09.22;VMG;1;28;28,93;HM
9;36;2022;05.09.22;VMG;1;41;34,28;HM
9;36;2022;05.09.22;VMM;1;2;29,96;HM
9;36;2022;07.09.22;VMG;1;40;29,68;HM
9;36;2022;07.09.22;VMG;1;41;28,9;HM
9;37;2022;12.09.22;VMG;1;41;31,66;HM
9;37;2022;12.09.22;VMM;1;2;31,74;HM
9;37;2022;13.09.22;VMG;1;25;28,65;HM
9;37;2022;14.09.22;VMM;1;2;30,05;HM
9;38;2022;19.09.22;VMG;1;41;34,34;HM
9;38;2022;19.09.22;VMM;1;2;30,92;HM
9;38;2022;20.09.22;VMG;1;12;33,58;HM
9;38;2022;20.09.22;VMG;1;25;30,93;HM
9;38;2022;21.09.22;VMM;1;2;29,73;HM
9;39;2022;26.09.22;VMG;1;32;29,52;HM
9;39;2022;26.09.22;VMG;1;41;34,34;HM
9;39;2022;26.09.22;VMM;1;2;30,53;HM
9;39;2022;27.09.22;VMG;1;12;28,51;HM
9;39;2022;27.09.22;VMG;1;25;31,1;HM
9;39;2022;27.09.22;VMG;1;26;28,32;HM
9;39;2022;28.09.22;VMM;1;2;31,0;HM
10;40;2022;04.10.22;VMF;1;12;32,41;HM
10;40;2022;04.10.22;VMG;1;4;29,46;HM
10;40;2022;04.10.22;VMG;1;7;30,05;HM
10;40;2022;04.10.22;VMG;1;12;34,96;HM
10;40;2022;04.10.22;VMG;1;26;29,76;HM
10;40;2022;04.10.22;VMG;1;32;33,92;HM
10;40;2022;04.10.22;VMG;1;40;32,06;HM
10;40;2022;04.10.22;VMG;1;41;35,36;HM
10;40;2022;04.10.22;VMG;1;57;31,23;HM
10;40;2022;04.10.22;VMM;1;2;35,75;HM
10;40;2022;04.10.22;VMM;1;3;29,54;HM
10;40;2022;04.10.22;VMN;1;10;36,02;HM
10;40;2022;05.10.22;VMF;1;17;30,07;HM
10;40;2022;05.10.22;VMF;1;24;28,94;HM
10;40;2022;05.10.22;VMG;1;25;34,05;HM
10;40;2022;05.10.22;VMG;1;26;33,96;HM
10;40;2022;05.10.22;VMG;1;32;29,48;HM
10;40;2022;05.10.22;VMG;1;40;30,3;HM
10;40;2022;05.10.22;VMM;1;2;33,08;HM
10;40;2022;05.10.22;VMM;1;3;28,84;HM
10;40;2022;05.10.22;VMM;1;34;32,6;HM
10;40;2022;05.10.22;VMN;1;4;33,76;HM
10;40;2022;05.10.22;VMN;1;7;30,78;HM
10;40;2022;07.10.22;VMM;1;2;31,38;HM
10;42;2022;17.10.22;VMG;1;32;29,12;HM
10;42;2022;17.10.22;VMG;1;41;34,5;HM
10;42;2022;17.10.22;VMM;1;2;30,8;HM
10;42;2022;18.10.22;VMG;1;26;30,05;HM
10;43;2022;24.10.22;VMG;1;32;29,22;HM
10;43;2022;24.10.22;VMG;1;41;35,12;HM
10;43;2022;24.10.22;VMM;1;2;31,66;HM
10;43;2022;25.10.22;VMG;1;26;30,3;HM
10;43;2022;25.10.22;VMM;1;2;28,53;HM
10;43;2022;25.10.22;VMM;1;34;34,43;HM
10;44;2022;31.10.22;VMG;1;32;31,08;HM
10;44;2022;31.10.22;VMG;1;40;28,52;HM
10;44;2022;31.10.22;VMG;1;41;35,16;HM
10;44;2022;31.10.22;VMM;1;2;32,0;HM
11;44;2022;01.11.22;VMG;1;12;28,61;HM
11;44;2022;01.11.22;VMG;1;25;31,01;HM
11;44;2022;01.11.22;VMG;1;26;29,98;HM
11;44;2022;01.11.22;VMM;1;2;29,46;HM
11;45;2022;07.11.22;VMG;1;32;30,96;HM
11;45;2022;07.11.22;VMG;1;41;34,98;HM
11;45;2022;07.11.22;VMM;1;2;30,35;HM
11;45;2022;08.11.22;VMG;1;25;31,73;HM
11;45;2022;08.11.22;VMG;1;26;32,7;HM
11;45;2022;08.11.22;VMM;1;2;29,53;HM
11;46;2022;14.11.22;VMG;1;32;29,94;HM
11;46;2022;14.11.22;VMG;1;41;33,59;HM
11;46;2022;15.11.22;VMF;1;16;29,65;HM
11;46;2022;15.11.22;VMG;1;25;33,29;HM
11;46;2022;15.11.22;VMG;1;26;28,38;HM
11;46;2022;15.11.22;VMM;1;2;29,37;HM
11;47;2022;21.11.22;VMG;1;32;28,76;HM
11;47;2022;21.11.22;VMG;1;41;34,52;HM
11;47;2022;22.11.22;VMF;1;16;31,67;HM
11;47;2022;22.11.22;VMG;1;12;35,48;HM
11;47;2022;22.11.22;VMG;1;26;28,7;HM
11;47;2022;22.11.22;VMM;1;2;38,51;HM
11;48;2022;28.11.22;VMG;1;32;31,04;HM
11;48;2022;28.11.22;VMG;1;40;29,16;HM
11;48;2022;28.11.22;VMG;1;41;34,76;HM
11;48;2022;28.11.22;VMM;1;2;30,86;HM
11;48;2022;29.11.22;VMF;1;16;32,27;HM
11;48;2022;29.11.22;VMF;1;17;28,5;HM
11;48;2022;29.11.22;VMG;1;26;31,92;HM
11;48;2022;29.11.22;VMM;1;2;30,34;HM
11;48;2022;29.11.22;VMM;1;34;28,81;HM
12;48;2022;01.12.22;VMG;1;4;34,98;HM
12;49;2022;05.12.22;VMG;1;41;33,22;HM
12;49;2022;06.12.22;VMF;1;52;29,82;HM
12;49;2022;06.12.22;VMG;1;26;30,34;HM
12;49;2022;06.12.22;VMM;1;2;32,71;HM
12;50;2022;12.12.22;VMG;1;32;29,02;HM
12;50;2022;12.12.22;VMG;1;41;33,55;HM
12;50;2022;13.12.22;VMG;1;26;28,84;HM
12;50;2022;13.12.22;VMM;1;2;28,79;HM
12;51;2022;19.12.22;VMG;1;32;28,56;HM
12;51;2022;19.12.22;VMG;1;41;32,36;HM
12;51;2022;19.12.22;VMM;1;2;29,53;HM
12;51;2022;20.12.22;VMG;1;26;28,4;HM
12;52;2022;27.12.22;VMF;1;12;34,63;HM
12;52;2022;27.12.22;VMF;1;52;30,64;HM
12;52;2022;27.12.22;VMG;1;4;35,0;HM
12;52;2022;27.12.22;VMG;1;7;29,86;HM
12;52;2022;27.12.22;VMG;1;9;41,36;HM
12;52;2022;27.12.22;VMG;1;12;33,68;HM
12;52;2022;27.12.22;VMG;1;32;32,56;HM
12;52;2022;27.12.22;VMG;1;40;30,06;HM
12;52;2022;27.12.22;VMG;1;41;46,33;HM
12;52;2022;27.12.22;VMG;1;57;33,07;HM
12;52;2022;27.12.22;VMM;1;2;30,11;HM
12;52;2022;27.12.22;VMM;1;3;29,01;HM
12;52;2022;27.12.22;VMN;1;1;45,58;HM
12;52;2022;27.12.22;VMN;1;2;36,52;HM
12;52;2022;27.12.22;VMN;1;11;33,62;HM
12;52;2022;28.12.22;VMF;1;15;32,15;HM
12;52;2022;28.12.22;VMF;1;24;28,31;HM
12;52;2022;28.12.22;VMF;1;29;28,95;HM
12;52;2022;28.12.22;VMG;1;7;56,68;HM
12;52;2022;28.12.22;VMG;1;26;31,96;HM
12;52;2022;28.12.22;VMG;1;32;33,1;HM
12;52;2022;28.12.22;VMG;1;40;31,72;HM
12;52;2022;28.12.22;VMG;1;41;36,14;HM
12;52;2022;28.12.22;VMM;1;2;35,27;HM
12;52;2022;28.12.22;VMM;1;34;31,64;HM
12;52;2022;28.12.22;VMN;1;3;40,08;HM
12;52;2022;28.12.22;VMN;1;5;48,68;HM
12;52;2022;28.12.22;VMN;1;6;33,95;HM
12;52;2022;28.12.22;VMN;1;7;29,72;HM
12;52;2022;29.12.22;VMF;1;51;35,48;HM
12;52;2022;30.12.22;VMG;1;47;35,28;HM
1;1;2023;02.01.23;VMG;1;32;29,34;HM
1;1;2023;02.01.23;VMG;1;41;30,7;HM
1;1;2023;02.01.23;VMM;1;2;30,82;HM
1;1;2023;04.01.23;VMM;1;2;31,09;HM
1;1;2023;05.01.23;VMF;1;8;30,39;HM
1;2;2023;09.01.23;VMF;1;12;28,6;HM
1;2;2023;09.01.23;VMG;1;4;29,02;HM
1;2;2023;09.01.23;VMG;1;9;32,62;HM
1;2;2023;09.01.23;VMG;1;32;31,66;HM
1;2;2023;09.01.23;VMG;1;41;38,28;HM
1;2;2023;09.01.23;VMM;1;2;35,88;HM
1;2;2023;10.01.23;VMF;1;16;30,87;HM
1;2;2023;10.01.23;VMG;1;12;30,82;HM
1;2;2023;10.01.23;VMG;1;26;32,42;HM
1;2;2023;10.01.23;VMG;1;57;28,71;HM
1;2;2023;11.01.23;VMM;1;2;30,93;HM
1;3;2023;16.01.23;VMG;1;32;31,38;HM
1;3;2023;16.01.23;VMG;1;41;36,81;HM
1;3;2023;16.01.23;VMM;1;2;31,13;HM
1;4;2023;23.01.23;VMG;1;32;28,63;HM
1;4;2023;23.01.23;VMG;1;41;34,3;HM
1;4;2023;23.01.23;VMM;1;2;29,34;HM
1;4;2023;24.01.23;VMG;1;40;29,01;HM
1;4;2023;26.01.23;VMF;1;16;28,59;HM
1;5;2023;30.01.23;VMG;1;32;28,72;HM
1;5;2023;30.01.23;VMG;1;41;33,31;HM
1;5;2023;30.01.23;VMM;1;2;29,52;HM
1;5;2023;31.01.23;VMF;1;16;31,99;HM
2;5;2023;03.02.23;VMG;1;26;28,48;HM
2;6;2023;06.02.23;VMG;1;32;30,32;HM
2;6;2023;06.02.23;VMG;1;41;34,87;HM
2;6;2023;06.02.23;VMM;1;2;30,97;HM
2;6;2023;07.02.23;VMG;1;57;28,59;HM
2;6;2023;07.02.23;VMN;1;4;28,78;HM
2;7;2023;13.02.23;VMF;1;2;32,61;HM
2;7;2023;13.02.23;VMF;1;4;30,18;HM
2;7;2023;13.02.23;VMF;1;5;29,98;HM
2;7;2023;13.02.23;VMF;1;7;34,93;HM
2;7;2023;13.02.23;VMF;1;8;33,59;HM
2;7;2023;13.02.23;VMF;1;9;31,56;HM
2;7;2023;13.02.23;VMF;1;12;42,38;HM
2;7;2023;13.02.23;VMF;1;23;30,55;HM
2;7;2023;13.02.23;VMF;1;29;31,59;HM
2;7;2023;13.02.23;VMF;1;39;31,84;HM
2;7;2023;13.02.23;VMF;1;42;30,95;HM
2;7;2023;13.02.23;VMF;1;52;30,54;HM
2;7;2023;13.02.23;VMG;1;3;32,0;HM
2;7;2023;13.02.23;VMG;1;4;42,26;HM
2;7;2023;13.02.23;VMG;1;7;35,99;HM
2;7;2023;13.02.23;VMG;1;9;34,63;HM
2;7;2023;13.02.23;VMG;1;12;29,9;HM
2;7;2023;13.02.23;VMG;1;21;31,42;HM
2;7;2023;13.02.23;VMG;1;26;51,84;HM
2;7;2023;13.02.23;VMG;1;27;30,48;HM
2;7;2023;13.02.23;VMG;1;32;35,68;HM
2;7;2023;13.02.23;VMG;1;41;59,58;HM
2;7;2023;13.02.23;VMG;1;45;45,45;HM
2;7;2023;13.02.23;VMG;1;57;32,53;HM
2;7;2023;13.02.23;VMM;1;2;47,05;HM
2;7;2023;13.02.23;VMM;1;3;34,41;HM
2;7;2023;13.02.23;VMM;1;13;30,97;HM
2;7;2023;13.02.23;VMM;1;22;28,7;HM
2;7;2023;13.02.23;VMM;1;41;29,3;HM
2;7;2023;13.02.23;VMN;1;2;36,48;HM
2;7;2023;13.02.23;VMN;1;7;30,26;HM
2;7;2023;13.02.23;VMN;1;8;36,85;HM
2;7;2023;13.02.23;VMN;1;9;35,08;HM
2;7;2023;13.02.23;VMN;1;10;35,5;HM
2;7;2023;13.02.23;VMN;1;11;36,95;HM
2;7;2023;13.02.23;VMN;1;19;30,05;HM
2;7;2023;13.02.23;VMN;1;26;35,54;HM
2;7;2023;13.02.23;VMN;1;33;30,74;HM
2;7;2023;13.02.23;VMN;1;36;29,28;HM
2;7;2023;14.02.23;VMF;1;6;30,38;HM
2;7;2023;14.02.23;VMF;1;12;32,8;HM
2;7;2023;14.02.23;VMF;1;16;44,82;HM
2;7;2023;14.02.23;VMF;1;17;37,59;HM
2;7;2023;14.02.23;VMF;1;31;29,81;HM
2;7;2023;14.02.23;VMG;1;7;29,13;HM
2;7;2023;14.02.23;VMG;1;9;44,64;HM
2;7;2023;14.02.23;VMG;1;10;29,95;HM
2;7;2023;14.02.23;VMG;1;19;39,32;HM
2;7;2023;14.02.23;VMG;1;32;33,57;HM
2;7;2023;14.02.23;VMG;1;41;34,0;HM
2;7;2023;14.02.23;VMG;1;52;39,06;HM
2;7;2023;14.02.23;VMM;1;3;34,18;HM
2;7;2023;14.02.23;VMM;1;12;36,05;HM
2;7;2023;14.02.23;VMM;1;28;32,92;HM
2;7;2023;14.02.23;VMM;1;36;31,28;HM
2;7;2023;14.02.23;VMM;1;41;31,67;HM
2;7;2023;14.02.23;VMN;1;1;41,94;HM
2;7;2023;14.02.23;VMN;1;2;34,17;HM
2;7;2023;14.02.23;VMN;1;3;40,34;HM
2;7;2023;14.02.23;VMN;1;4;32,51;HM
2;7;2023;14.02.23;VMN;1;5;45,06;HM
2;7;2023;14.02.23;VMN;1;6;46,15;HM
2;7;2023;14.02.23;VMN;1;7;31,57;HM
2;7;2023;14.02.23;VMN;1;9;32,46;HM
2;7;2023;14.02.23;VMN;1;10;29,82;HM
2;7;2023;14.02.23;VMN;1;11;31,83;HM
2;7;2023;14.02.23;VMN;1;12;33,2;HM
2;7;2023;14.02.23;VMN;1;15;29,63;HM
2;7;2023;14.02.23;VMN;1;21;33,16;HM
2;7;2023;14.02.23;VMN;1;31;33,06;HM
2;7;2023;14.02.23;VMN;1;33;31,61;HM
2;7;2023;14.02.23;VMN;1;42;30,42;HM
2;7;2023;14.02.23;VMN;1;47;33,29;HM
2;7;2023;14.02.23;VMN;1;53;29,68;HM
2;7;2023;15.02.23;VMG;1;25;32,63;HM
2;7;2023;15.02.23;VMM;1;2;31,71;HM
2;7;2023;16.02.23;VMM;1;2;31,91;HM
2;8;2023;20.02.23;VMG;1;32;29,74;HM
2;8;2023;20.02.23;VMG;1;41;33,8;HM
2;8;2023;20.02.23;VMM;1;2;29,99;HM
2;8;2023;21.02.23;VMG;1;26;29,47;HM
2;8;2023;21.02.23;VMG;1;57;29,11;HM
2;8;2023;21.02.23;VMN;1;20;30,19;HM
2;9;2023;27.02.23;VMG;1;32;29,66;HM
2;9;2023;27.02.23;VMG;1;41;34,26;HM
2;9;2023;27.02.23;VMM;1;2;30,22;HM
3;10;2023;09.03.23;VMF;1;52;33,54;HM
3;10;2023;10.03.23;VMF;1;2;41,1;HM
3;10;2023;10.03.23;VMF;1;6;29,22;HM
3;10;2023;10.03.23;VMF;1;12;35,07;HM
3;10;2023;10.03.23;VMF;1;31;32,92;HM
3;10;2023;10.03.23;VMF;1;39;36,07;HM
3;10;2023;10.03.23;VMF;1;52;41,84;HM
3;10;2023;10.03.23;VMN;1;21;31,84;HM
3;10;2023;11.03.23;VMM;1;2;34,92;HM
3;10;2023;11.03.23;VMM;1;3;33,78;HM
3;10;2023;11.03.23;VMM;1;41;29,31;HM
3;11;2023;13.03.23;VMF;1;4;32,71;HM
3;11;2023;13.03.23;VMF;1;8;31,51;HM
3;11;2023;13.03.23;VMF;1;9;37,32;HM
3;11;2023;13.03.23;VMF;1;12;34,99;HM
3;11;2023;13.03.23;VMF;1;16;55,46;HM
3;11;2023;13.03.23;VMF;1;36;31,34;HM
3;11;2023;13.03.23;VMF;1;40;35,86;HM
3;11;2023;13.03.23;VMF;1;52;34,44;HM
3;11;2023;13.03.23;VMF;1;53;36,13;HM
3;11;2023;13.03.23;VMG;1;1;35,8;HM
3;11;2023;13.03.23;VMG;1;4;47,32;HM
3;11;2023;13.03.23;VMG;1;7;56,37;HM
3;11;2023;13.03.23;VMG;1;9;32,84;HM
3;11;2023;13.03.23;VMG;1;10;34,63;HM
3;11;2023;13.03.23;VMG;1;11;45,44;HM
3;11;2023;13.03.23;VMG;1;12;35,1;HM
3;11;2023;13.03.23;VMG;1;13;34,11;HM
3;11;2023;13.03.23;VMG;1;14;35,43;HM
3;11;2023;13.03.23;VMG;1;15;35,55;HM
3;11;2023;13.03.23;VMG;1;16;33,55;HM
3;11;2023;13.03.23;VMG;1;21;34,7;HM
3;11;2023;13.03.23;VMG;1;25;46,29;HM
3;11;2023;13.03.23;VMG;1;26;46,7;HM
3;11;2023;13.03.23;VMG;1;27;34,56;HM
3;11;2023;13.03.23;VMG;1;30;48,23;HM
3;11;2023;13.03.23;VMG;1;32;33,88;HM
3;11;2023;13.03.23;VMG;1;33;35,59;HM
3;11;2023;13.03.23;VMG;1;36;30,86;HM
3;11;2023;13.03.23;VMG;1;38;33,97;HM
3;11;2023;13.03.23;VMG;1;39;28,92;HM
3;11;2023;13.03.23;VMG;1;40;41,46;HM
3;11;2023;13.03.23;VMG;1;41;56,74;HM
3;11;2023;13.03.23;VMG;1;45;34,15;HM
3;11;2023;13.03.23;VMG;1;47;29,36;HM
3;11;2023;13.03.23;VMG;1;50;32,56;HM
3;11;2023;13.03.23;VMG;1;52;44,88;HM
3;11;2023;13.03.23;VMG;1;55;33,64;HM
3;11;2023;13.03.23;VMG;1;57;39,1;HM
3;11;2023;13.03.23;VMM;1;2;57,8;HM
3;11;2023;13.03.23;VMM;1;3;50,41;HM
3;11;2023;13.03.23;VMM;1;4;35,12;HM
3;11;2023;13.03.23;VMM;1;5;34,53;HM
3;11;2023;13.03.23;VMM;1;7;34,67;HM
3;11;2023;13.03.23;VMM;1;9;34,65;HM
3;11;2023;13.03.23;VMM;1;10;42,28;HM
3;11;2023;13.03.23;VMM;1;13;31,33;HM
3;11;2023;13.03.23;VMM;1;15;34,31;HM
3;11;2023;13.03.23;VMM;1;17;37,59;HM
3;11;2023;13.03.23;VMM;1;19;35,65;HM
3;11;2023;13.03.23;VMM;1;20;32,94;HM
3;11;2023;13.03.23;VMM;1;22;34,12;HM
3;11;2023;13.03.23;VMM;1;23;34,36;HM
3;11;2023;13.03.23;VMM;1;24;30,86;HM
3;11;2023;13.03.23;VMM;1;25;42,36;HM
3;11;2023;13.03.23;VMM;1;26;32,66;HM
3;11;2023;13.03.23;VMM;1;27;33,68;HM
3;11;2023;13.03.23;VMM;1;28;45,68;HM
3;11;2023;13.03.23;VMM;1;29;34,52;HM
3;11;2023;13.03.23;VMM;1;30;31,84;HM
3;11;2023;13.03.23;VMM;1;32;34,0;HM
3;11;2023;13.03.23;VMM;1;33;33,52;HM
3;11;2023;13.03.23;VMM;1;34;33,18;HM
3;11;2023;13.03.23;VMM;1;35;34,46;HM
3;11;2023;13.03.23;VMM;1;36;29,54;HM
3;11;2023;13.03.23;VMM;1;38;30,02;HM
3;11;2023;13.03.23;VMM;1;39;33,33;HM
3;11;2023;13.03.23;VMM;1;41;34,88;HM
3;11;2023;13.03.23;VMM;1;46;30,58;HM
3;11;2023;13.03.23;VMM;1;47;34,18;HM
3;11;2023;13.03.23;VMN;1;1;45,55;HM
3;11;2023;13.03.23;VMN;1;2;35,28;HM
3;11;2023;13.03.23;VMN;1;3;35,85;HM
3;11;2023;13.03.23;VMN;1;6;30,6;HM
3;11;2023;13.03.23;VMN;1;8;35,42;HM
3;11;2023;13.03.23;VMN;1;9;33,4;HM
3;11;2023;13.03.23;VMN;1;10;57,03;HM
3;11;2023;13.03.23;VMN;1;11;36,24;HM
3;11;2023;13.03.23;VMN;1;21;41,52;HM
3;11;2023;13.03.23;VMN;1;33;35,8;HM
3;11;2023;13.03.23;VMN;1;36;34,81;HM
3;11;2023;13.03.23;VMN;1;37;34,1;HM
3;11;2023;13.03.23;VMN;1;43;34,1;HM
3;11;2023;13.03.23;VMN;1;47;35,67;HM
3;11;2023;14.03.23;VMF;1;3;33,08;HM
3;11;2023;14.03.23;VMF;1;5;44,81;HM
3;11;2023;14.03.23;VMF;1;6;29,1;HM
3;11;2023;14.03.23;VMF;1;7;33,96;HM
3;11;2023;14.03.23;VMF;1;10;35,07;HM
3;11;2023;14.03.23;VMF;1;12;35,81;HM
3;11;2023;14.03.23;VMF;1;14;33,11;HM
3;11;2023;14.03.23;VMF;1;16;34,38;HM
3;11;2023;14.03.23;VMF;1;17;31,91;HM
3;11;2023;14.03.23;VMF;1;18;35,56;HM
3;11;2023;14.03.23;VMF;1;19;30,89;HM
3;11;2023;14.03.23;VMF;1;23;33,83;HM
3;11;2023;14.03.23;VMF;1;24;31,32;HM
3;11;2023;14.03.23;VMF;1;26;42,76;HM
3;11;2023;14.03.23;VMF;1;29;34,53;HM
3;11;2023;14.03.23;VMF;1;30;30,4;HM
3;11;2023;14.03.23;VMF;1;31;43,31;HM
3;11;2023;14.03.23;VMF;1;37;35,01;HM
3;11;2023;14.03.23;VMF;1;39;40,06;HM
3;11;2023;14.03.23;VMF;1;44;29,15;HM
3;11;2023;14.03.23;VMF;1;53;35,29;HM
3;11;2023;14.03.23;VMG;1;2;33,63;HM
3;11;2023;14.03.23;VMG;1;4;35,16;HM
3;11;2023;14.03.23;VMG;1;5;32,87;HM
3;11;2023;14.03.23;VMG;1;7;57,75;HM
3;11;2023;14.03.23;VMG;1;9;29,68;HM
3;11;2023;14.03.23;VMG;1;10;47,12;HM
3;11;2023;14.03.23;VMG;1;11;46,62;HM
3;11;2023;14.03.23;VMG;1;12;34,78;HM
3;11;2023;14.03.23;VMG;1;15;31,57;HM
3;11;2023;14.03.23;VMG;1;16;50,53;HM
3;11;2023;14.03.23;VMG;1;17;36,04;HM
3;11;2023;14.03.23;VMG;1;20;29,18;HM
3;11;2023;14.03.23;VMG;1;21;35,3;HM
3;11;2023;14.03.23;VMG;1;22;35,84;HM
3;11;2023;14.03.23;VMG;1;23;33,67;HM
3;11;2023;14.03.23;VMG;1;24;34,39;HM
3;11;2023;14.03.23;VMG;1;25;34,57;HM
3;11;2023;14.03.23;VMG;1;26;57,87;HM
3;11;2023;14.03.23;VMG;1;29;33,05;HM
3;11;2023;14.03.23;VMG;1;31;35,26;HM
3;11;2023;14.03.23;VMG;1;32;48,75;HM
3;11;2023;14.03.23;VMG;1;35;35,66;HM
3;11;2023;14.03.23;VMG;1;36;34,08;HM
3;11;2023;14.03.23;VMG;1;37;30,74;HM
3;11;2023;14.03.23;VMG;1;38;35,53;HM
3;11;2023;14.03.23;VMG;1;40;29,14;HM
3;11;2023;14.03.23;VMG;1;42;36,31;HM
3;11;2023;14.03.23;VMG;1;43;33,55;HM
3;11;2023;14.03.23;VMG;1;47;44,28;HM
3;11;2023;14.03.23;VMG;1;48;35,23;HM
3;11;2023;14.03.23;VMG;1;49;35,95;HM
3;11;2023;14.03.23;VMG;1;52;29,16;HM
3;11;2023;14.03.23;VMG;1;53;34,46;HM
3;11;2023;14.03.23;VMG;1;54;36,28;HM
3;11;2023;14.03.23;VMG;1;55;35,58;HM
3;11;2023;14.03.23;VMG;1;56;35,28;HM
3;11;2023;14.03.23;VMG;1;57;41,62;HM
3;11;2023;14.03.23;VMG;1;121;33,81;HM
3;11;2023;14.03.23;VMM;1;3;32,43;HM
3;11;2023;14.03.23;VMM;1;15;31,63;HM
3;11;2023;14.03.23;VMM;1;18;34,63;HM
3;11;2023;14.03.23;VMM;1;21;32,57;HM
3;11;2023;14.03.23;VMM;1;23;31,14;HM
3;11;2023;14.03.23;VMM;1;27;31,46;HM
3;11;2023;14.03.23;VMM;1;31;32,29;HM
3;11;2023;14.03.23;VMM;1;32;31,82;HM
3;11;2023;14.03.23;VMM;1;33;30,91;HM
3;11;2023;14.03.23;VMM;1;34;35,02;HM
3;11;2023;14.03.23;VMM;1;40;33,25;HM
3;11;2023;14.03.23;VMM;1;41;35,42;HM
3;11;2023;14.03.23;VMM;1;44;36,1;HM
3;11;2023;14.03.23;VMM;1;45;43,02;HM
3;11;2023;14.03.23;VMM;1;47;29,48;HM
3;11;2023;14.03.23;VMN;1;1;33,2;HM
3;11;2023;14.03.23;VMN;1;2;57,2;HM
3;11;2023;14.03.23;VMN;1;4;35,38;HM
3;11;2023;14.03.23;VMN;1;5;54,45;HM
3;11;2023;14.03.23;VMN;1;6;33,66;HM
3;11;2023;14.03.23;VMN;1;7;54,76;HM
3;11;2023;14.03.23;VMN;1;8;35,76;HM
3;11;2023;14.03.23;VMN;1;9;36,96;HM
3;11;2023;14.03.23;VMN;1;10;34,12;HM
3;11;2023;14.03.23;VMN;1;11;39,67;HM
3;11;2023;14.03.23;VMN;1;12;35,53;HM
3;11;2023;14.03.23;VMN;1;15;36,08;HM
3;11;2023;14.03.23;VMN;1;19;35,75;HM
3;11;2023;14.03.23;VMN;1;20;37,07;HM
3;11;2023;14.03.23;VMN;1;24;36,66;HM
3;11;2023;14.03.23;VMN;1;28;33,36;HM
3;11;2023;14.03.23;VMN;1;33;48,87;HM
3;11;2023;14.03.23;VMN;1;37;36,26;HM
3;11;2023;14.03.23;VMN;1;40;35,32;HM
3;11;2023;14.03.23;VMN;1;47;35,43;HM
3;11;2023;14.03.23;VMN;1;48;34,0;HM
3;11;2023;14.03.23;VMN;1;52;35,26;HM
3;11;2023;15.03.23;VMF;1;42;29,23;HM
3;11;2023;15.03.23;VMG;1;25;34,67;HM
3;11;2023;15.03.23;VMG;1;46;38,44;HM
3;11;2023;15.03.23;VMG;1;47;44,4;HM
3;11;2023;15.03.23;VMG;1;49;33,03;HM
3;11;2023;15.03.23;VMG;1;53;30,17;HM
3;11;2023;15.03.23;VMG;1;54;35,92;HM
3;11;2023;15.03.23;VMM;1;2;43,16;HM
3;11;2023;15.03.23;VMM;1;8;32,26;HM
3;11;2023;15.03.23;VMM;1;13;31,49;HM
3;11;2023;15.03.23;VMN;1;33;31,24;HM
3;11;2023;15.03.23;VMN;1;38;42,44;HM
3;11;2023;16.03.23;VMF;1;29;36,2;HM
3;11;2023;16.03.23;VMG;1;5;34,05;HM
3;11;2023;16.03.23;VMG;1;9;29,18;HM
3;11;2023;16.03.23;VMG;1;13;36,18;HM
3;11;2023;16.03.23;VMG;1;36;29,12;HM
3;11;2023;16.03.23;VMG;1;38;33,35;HM
3;11;2023;16.03.23;VMG;1;41;34,26;HM
3;11;2023;16.03.23;VMG;1;53;34,23;HM
3;11;2023;16.03.23;VMM;1;3;32,4;HM
3;11;2023;16.03.23;VMM;1;23;28,52;HM
3;11;2023;16.03.23;VMN;1;1;41,62;HM
3;11;2023;17.03.23;VMG;1;19;30,89;HM
3;12;2023;20.03.23;VMG;1;32;32,82;HM
3;12;2023;20.03.23;VMG;1;40;29,02;HM
3;12;2023;20.03.23;VMG;1;41;35,13;HM
3;12;2023;20.03.23;VMM;1;2;29,37;HM
3;12;2023;20.03.23;VMM;1;3;29,02;HM
3;12;2023;21.03.23;VMF;1;17;30,11;HM
3;12;2023;21.03.23;VMG;1;7;29,35;HM
3;12;2023;21.03.23;VMG;1;40;37,39;HM
3;12;2023;21.03.23;VMG;1;57;32,45;HM
3;12;2023;21.03.23;VMN;1;8;30,48;HM
3;12;2023;22.03.23;VMM;1;2;36,81;HM
3;13;2023;27.03.23;VMF;1;2;33,19;HM
3;13;2023;27.03.23;VMF;1;4;31,16;HM
3;13;2023;27.03.23;VMF;1;5;30,02;HM
3;13;2023;27.03.23;VMF;1;7;50,73;HM
3;13;2023;27.03.23;VMF;1;8;41,84;HM
3;13;2023;27.03.23;VMF;1;9;40,98;HM
3;13;2023;27.03.23;VMF;1;12;45,64;HM
3;13;2023;27.03.23;VMF;1;23;31,61;HM
3;13;2023;27.03.23;VMF;1;25;28,89;HM
3;13;2023;27.03.23;VMF;1;39;32,32;HM
3;13;2023;27.03.23;VMF;1;42;30,01;HM
3;13;2023;27.03.23;VMF;1;52;33,34;HM
3;13;2023;27.03.23;VMF;1;53;29,75;HM
3;13;2023;27.03.23;VMG;1;3;35,31;HM
3;13;2023;27.03.23;VMG;1;4;34,76;HM
3;13;2023;27.03.23;VMG;1;7;50,27;HM
3;13;2023;27.03.23;VMG;1;9;52,7;HM
3;13;2023;27.03.23;VMG;1;10;31,23;HM
3;13;2023;27.03.23;VMG;1;12;35,52;HM
3;13;2023;27.03.23;VMG;1;21;32,8;HM
3;13;2023;27.03.23;VMG;1;25;45,6;HM
3;13;2023;27.03.23;VMG;1;26;51,88;HM
3;13;2023;27.03.23;VMG;1;30;34,44;HM
3;13;2023;27.03.23;VMG;1;32;33,72;HM
3;13;2023;27.03.23;VMG;1;38;31,77;HM
3;13;2023;27.03.23;VMG;1;40;33,36;HM
3;13;2023;27.03.23;VMG;1;41;35,58;HM
3;13;2023;27.03.23;VMG;1;45;35,27;HM
3;13;2023;27.03.23;VMG;1;47;30,41;HM
3;13;2023;27.03.23;VMG;1;52;30,08;HM
3;13;2023;27.03.23;VMG;1;57;35,27;HM
3;13;2023;27.03.23;VMM;1;2;52,91;HM
3;13;2023;27.03.23;VMM;1;3;35,8;HM
3;13;2023;27.03.23;VMM;1;7;29,32;HM
3;13;2023;27.03.23;VMM;1;10;29,81;HM
3;13;2023;27.03.23;VMM;1;13;33,03;HM
3;13;2023;27.03.23;VMM;1;17;30,61;HM
3;13;2023;27.03.23;VMM;1;22;31,05;HM
3;13;2023;27.03.23;VMM;1;23;32,83;HM
3;13;2023;27.03.23;VMM;1;25;29,01;HM
3;13;2023;27.03.23;VMM;1;28;34,27;HM
3;13;2023;27.03.23;VMM;1;41;29,45;HM
3;13;2023;27.03.23;VMN;1;2;36,72;HM
3;13;2023;27.03.23;VMN;1;3;36,04;HM
3;13;2023;27.03.23;VMN;1;7;33,78;HM
3;13;2023;27.03.23;VMN;1;8;33,56;HM
3;13;2023;27.03.23;VMN;1;9;36,23;HM
3;13;2023;27.03.23;VMN;1;11;37,35;HM
3;13;2023;27.03.23;VMN;1;21;46,42;HM
3;13;2023;27.03.23;VMN;1;37;33,56;HM
3;13;2023;28.03.23;VMF;1;12;31,19;HM
3;13;2023;28.03.23;VMF;1;16;40,2;HM
3;13;2023;28.03.23;VMF;1;17;29,67;HM
3;13;2023;28.03.23;VMF;1;24;29,42;HM
3;13;2023;28.03.23;VMF;1;32;28,67;HM
3;13;2023;28.03.23;VMF;1;39;28,7;HM
3;13;2023;28.03.23;VMF;1;40;43,7;HM
3;13;2023;28.03.23;VMF;1;52;38,46;HM
3;13;2023;28.03.23;VMF;1;53;32,87;HM
3;13;2023;28.03.23;VMG;1;4;45,96;HM
3;13;2023;28.03.23;VMG;1;7;38,98;HM
3;13;2023;28.03.23;VMG;1;10;30,65;HM
3;13;2023;28.03.23;VMG;1;12;41,56;HM
3;13;2023;28.03.23;VMG;1;17;50,49;HM
3;13;2023;28.03.23;VMG;1;25;54,62;HM
3;13;2023;28.03.23;VMG;1;26;57,11;HM
3;13;2023;28.03.23;VMG;1;32;31,74;HM
3;13;2023;28.03.23;VMG;1;41;29,53;HM
3;13;2023;28.03.23;VMM;1;2;34,2;HM
3;13;2023;28.03.23;VMM;1;3;35,52;HM
3;13;2023;28.03.23;VMM;1;4;30,18;HM
3;13;2023;28.03.23;VMM;1;6;29,14;HM
3;13;2023;28.03.23;VMM;1;7;28,96;HM
3;13;2023;28.03.23;VMM;1;14;28,53;HM
3;13;2023;28.03.23;VMM;1;27;32,92;HM
3;13;2023;28.03.23;VMM;1;28;29,44;HM
3;13;2023;28.03.23;VMM;1;32;38,81;HM
3;13;2023;28.03.23;VMM;1;40;31,29;HM
3;13;2023;28.03.23;VMM;1;45;28,96;HM
3;13;2023;28.03.23;VMN;1;1;54,15;HM
3;13;2023;28.03.23;VMN;1;2;36,58;HM
3;13;2023;28.03.23;VMN;1;3;31,42;HM
3;13;2023;28.03.23;VMN;1;4;36,62;HM
3;13;2023;28.03.23;VMN;1;5;43,17;HM
3;13;2023;28.03.23;VMN;1;6;34,31;HM
3;13;2023;28.03.23;VMN;1;8;29,74;HM
3;13;2023;28.03.23;VMN;1;9;31,1;HM
3;13;2023;28.03.23;VMN;1;11;34,91;HM
3;13;2023;28.03.23;VMN;1;12;41,46;HM
3;13;2023;28.03.23;VMN;1;32;32,92;HM
3;13;2023;28.03.23;VMN;1;33;35,84;HM
3;13;2023;28.03.23;VMN;1;47;35,79;HM
3;13;2023;29.03.23;VMG;1;41;29,03;HM
3;13;2023;29.03.23;VMG;1;50;35,61;HM
3;13;2023;29.03.23;VMM;1;2;33,26;HM
3;13;2023;29.03.23;VMN;1;40;28,78;HM
3;13;2023;30.03.23;VMN;1;6;35,71;HM
4;14;2023;03.04.23;VMG;1;4;30,4;HM
4;14;2023;03.04.23;VMG;1;32;30,26;HM
4;14;2023;03.04.23;VMG;1;41;33,95;HM
4;14;2023;03.04.23;VMM;1;2;30,89;HM
4;14;2023;04.04.23;VMF;1;17;29,47;HM
4;14;2023;05.04.23;VMM;1;2;30,75;HM
4;15;2023;11.04.23;VMF;1;12;32,59;HM
4;15;2023;11.04.23;VMG;1;4;34,66;HM
4;15;2023;11.04.23;VMG;1;12;33,44;HM
4;15;2023;11.04.23;VMG;1;26;30,83;HM
4;15;2023;11.04.23;VMG;1;32;35,34;HM
4;15;2023;11.04.23;VMG;1;40;33,91;HM
4;15;2023;11.04.23;VMG;1;41;41,52;HM
4;15;2023;11.04.23;VMG;1;57;30,04;HM
4;15;2023;11.04.23;VMM;1;3;29,97;HM
4;15;2023;11.04.23;VMN;1;8;29,67;HM
4;15;2023;12.04.23;VMF;1;16;30,6;HM
4;15;2023;12.04.23;VMF;1;52;31,42;HM
4;15;2023;12.04.23;VMG;1;7;29,05;HM
4;15;2023;12.04.23;VMG;1;40;28,43;HM
4;15;2023;12.04.23;VMN;1;1;29,83;HM
4;15;2023;13.04.23;VMF;1;51;32,92;HM
4;15;2023;13.04.23;VMM;1;2;46,46;HM
4;15;2023;15.04.23;VMG;1;28;28,69;HM
4;17;2023;24.04.23;VMF;1;12;32,87;HM
4;17;2023;24.04.23;VMG;1;4;30,7;HM
4;17;2023;24.04.23;VMG;1;32;33,63;HM
4;17;2023;24.04.23;VMG;1;41;33,89;HM
4;17;2023;24.04.23;VMG;1;57;29,66;HM
4;17;2023;24.04.23;VMM;1;2;28,78;HM
4;17;2023;24.04.23;VMM;1;3;28,55;HM
4;17;2023;25.04.23;VMF;1;52;29,86;HM
4;17;2023;25.04.23;VMG;1;7;30,09;HM
4;17;2023;25.04.23;VMG;1;12;35,6;HM
4;17;2023;25.04.23;VMG;1;31;29,6;HM
4;17;2023;25.04.23;VMG;1;40;32,26;HM
4;17;2023;25.04.23;VMG;1;57;30,54;HM
4;17;2023;25.04.23;VMM;1;25;29,36;HM
4;17;2023;25.04.23;VMN;1;4;29,46;HM
4;17;2023;26.04.23;VMM;1;2;29,28;HM
5;18;2023;02.05.23;VMF;1;12;33,67;HM
5;18;2023;02.05.23;VMG;1;4;32,56;HM
5;18;2023;02.05.23;VMG;1;12;35,5;HM
5;18;2023;02.05.23;VMG;1;26;29,85;HM
5;18;2023;02.05.23;VMG;1;32;35,4;HM
5;18;2023;02.05.23;VMG;1;40;34,04;HM
5;18;2023;02.05.23;VMG;1;41;46,61;HM
5;18;2023;02.05.23;VMG;1;57;33,12;HM
5;18;2023;02.05.23;VMM;1;2;35,46;HM
5;18;2023;02.05.23;VMM;1;3;32,26;HM
5;18;2023;02.05.23;VMN;1;8;35,18;HM
5;18;2023;02.05.23;VMN;1;10;37,24;HM
5;18;2023;03.05.23;VMF;1;14;31,31;HM
5;18;2023;03.05.23;VMF;1;52;32,92;HM
5;18;2023;03.05.23;VMG;1;7;34,05;HM
5;18;2023;03.05.23;VMG;1;12;29,28;HM
5;18;2023;03.05.23;VMG;1;24;31,69;HM
5;18;2023;03.05.23;VMG;1;25;33,7;HM
5;18;2023;03.05.23;VMG;1;27;32,26;HM
5;18;2023;03.05.23;VMG;1;32;30,37;HM
5;18;2023;03.05.23;VMG;1;48;30,07;HM
5;18;2023;03.05.23;VMG;1;57;31,84;HM
5;18;2023;03.05.23;VMM;1;3;30,7;HM
5;18;2023;03.05.23;VMM;1;27;28,88;HM
5;18;2023;03.05.23;VMN;1;1;31,6;HM
5;18;2023;03.05.23;VMN;1;7;29,86;HM
5;18;2023;03.05.23;VMN;1;11;35,49;HM
5;18;2023;04.05.23;VMF;1;51;34,16;HM
5;18;2023;04.05.23;VMM;1;2;35,15;HM
5;18;2023;05.05.23;VMM;1;2;34,37;HM
5;18;2023;06.05.23;VMG;1;28;29,68;HM
5;19;2023;08.05.23;VMG;1;41;28,8;HM
5;19;2023;12.05.23;VMG;1;28;28,91;HM
5;20;2023;15.05.23;VMG;1;4;31,34;HM
5;20;2023;15.05.23;VMG;1;32;30,46;HM
5;20;2023;15.05.23;VMG;1;41;34,14;HM
5;20;2023;15.05.23;VMG;1;57;28,79;HM
5;20;2023;16.05.23;VMF;1;52;28,52;HM
5;20;2023;16.05.23;VMG;1;12;31,92;HM
5;20;2023;16.05.23;VMG;1;57;30,75;HM
5;20;2023;17.05.23;VMM;1;2;30,25;HM
5;20;2023;19.05.23;VMG;1;4;29,48;HM
5;20;2023;19.05.23;VMG;1;7;32,6;HM
5;20;2023;19.05.23;VMG;1;12;30,78;HM
5;20;2023;19.05.23;VMM;1;2;30,62;HM
5;21;2023;22.05.23;VMG;1;41;31,94;HM
5;21;2023;23.05.23;VMG;1;28;31,71;HM
5;21;2023;26.05.23;VMG;1;28;34,45;HM
5;22;2023;30.05.23;VMF;1;12;33,85;HM
5;22;2023;30.05.23;VMG;1;4;33,9;HM
5;22;2023;30.05.23;VMG;1;9;28,86;HM
5;22;2023;30.05.23;VMG;1;12;34,48;HM
5;22;2023;30.05.23;VMG;1;26;29,24;HM
5;22;2023;30.05.23;VMG;1;32;35,62;HM
5;22;2023;30.05.23;VMG;1;41;35,36;HM
5;22;2023;30.05.23;VMG;1;57;32,55;HM
5;22;2023;30.05.23;VMM;1;3;31,84;HM
5;22;2023;30.05.23;VMN;1;3;39,05;HM
5;22;2023;30.05.23;VMN;1;8;32,54;HM
5;22;2023;30.05.23;VMN;1;10;35,54;HM
5;22;2023;30.05.23;VMN;1;42;32,38;HM
5;22;2023;31.05.23;VMF;1;16;29,23;HM
5;22;2023;31.05.23;VMF;1;26;31,82;HM
5;22;2023;31.05.23;VMF;1;52;31,96;HM
5;22;2023;31.05.23;VMG;1;7;30,59;HM
5;22;2023;31.05.23;VMG;1;12;28,42;HM
5;22;2023;31.05.23;VMG;1;25;42,77;HM
5;22;2023;31.05.23;VMG;1;32;31,94;HM
5;22;2023;31.05.23;VMG;1;40;39,21;HM
5;22;2023;31.05.23;VMG;1;49;32,7;HM
5;22;2023;31.05.23;VMG;1;57;33,01;HM
5;22;2023;31.05.23;VMM;1;2;34,94;HM
5;22;2023;31.05.23;VMM;1;3;30,01;HM
5;22;2023;31.05.23;VMN;1;1;30,66;HM
5;22;2023;31.05.23;VMN;1;6;33,52;HM
5;22;2023;31.05.23;VMN;1;11;33,35;HM
6;22;2023;01.06.23;VMF;1;51;34,52;HM
6;22;2023;01.06.23;VMM;1;2;34,23;HM
6;22;2023;03.06.23;VMG;1;28;29,09;HM
6;23;2023;05.06.23;VMG;1;41;28,65;HM
6;23;2023;08.06.23;VMM;1;2;32,67;HM
6;24;2023;12.06.23;VMG;1;32;29,62;HM
6;24;2023;12.06.23;VMG;1;41;33,85;HM
6;24;2023;12.06.23;VMM;1;3;29,69;HM
6;24;2023;13.06.23;VMG;1;12;29,92;HM
6;24;2023;13.06.23;VMG;1;57;31,85;HM
6;24;2023;13.06.23;VMM;1;2;29,47;HM
6;24;2023;15.06.23;VMM;1;2;33,65;HM
6;25;2023;19.06.23;VMG;1;32;30,06;HM
6;25;2023;19.06.23;VMG;1;41;34,34;HM
6;25;2023;20.06.23;VMF;1;52;28,72;HM
6;25;2023;20.06.23;VMG;1;57;30,33;HM
6;25;2023;21.06.23;VMN;1;19;28,4;HM
6;25;2023;22.06.23;VMM;1;2;32,85;HM
6;25;2023;23.06.23;VMG;1;28;28,53;HM
6;26;2023;26.06.23;VMG;1;41;35,62;HM
6;26;2023;26.06.23;VMG;1;57;29,41;HM
6;26;2023;27.06.23;VMF;1;52;28,43;HM
6;26;2023;27.06.23;VMG;1;29;32,67;HM
6;26;2023;27.06.23;VMG;1;32;34,67;HM
6;26;2023;27.06.23;VMG;1;40;30,0;HM
6;26;2023;27.06.23;VMG;1;57;29,29;HM
6;26;2023;28.06.23;VMM;1;2;35,76;HM
7;27;2023;03.07.23;VMG;1;12;29,19;HM
7;27;2023;03.07.23;VMG;1;32;30,2;HM
7;27;2023;03.07.23;VMG;1;41;32,61;HM
7;27;2023;03.07.23;VMG;1;57;28,71;HM
7;27;2023;04.07.23;VMG;1;40;29,78;HM
7;27;2023;05.07.23;VMM;1;2;35,98;HM
7;27;2023;07.07.23;VMG;1;28;28,47;HM
7;28;2023;10.07.23;VMG;1;12;28,56;HM
7;28;2023;10.07.23;VMG;1;32;29,22;HM
7;28;2023;10.07.23;VMM;1;2;33,61;HM
7;28;2023;12.07.23;VMM;1;2;30,8;HM
7;28;2023;13.07.23;VMF;1;2;29,25;HM
7;29;2023;17.07.23;VMG;1;4;29,36;HM
7;29;2023;17.07.23;VMG;1;32;29,04;HM
7;29;2023;17.07.23;VMG;1;41;34,08;HM
7;29;2023;17.07.23;VMG;1;57;30,03;HM
7;29;2023;17.07.23;VMM;1;2;31,97;HM
7;29;2023;18.07.23;VMG;1;25;29,97;HM
7;29;2023;19.07.23;VMM;1;2;29,62;HM
7;29;2023;20.07.23;VMM;1;2;32,74;HM
7;30;2023;24.07.23;VMG;1;41;32,05;HM
7;30;2023;24.07.23;VMM;1;2;32,52;HM
7;31;2023;31.07.23;VMG;1;4;28,57;HM
7;31;2023;31.07.23;VMG;1;32;29,28;HM
7;31;2023;31.07.23;VMG;1;41;29,1;HM
7;31;2023;31.07.23;VMM;1;2;33,12;HM
8;31;2023;01.08.23;VMG;1;25;29,37;HM
8;31;2023;01.08.23;VMG;1;29;30,77;HM
8;32;2023;07.08.23;VMG;1;41;34,27;HM
8;33;2023;14.08.23;VMG;1;41;34,52;HM
8;33;2023;14.08.23;VMM;1;2;31,85;HM
8;33;2023;16.08.23;VMM;1;2;29,99;HM
8;33;2023;18.08.23;VMG;1;28;30,97;HM
8;34;2023;21.08.23;VMG;1;41;30,57;HM
8;34;2023;21.08.23;VMG;1;57;28,66;HM
8;34;2023;23.08.23;VMM;1;2;30,52;HM
8;35;2023;28.08.23;VMG;1;32;29,32;HM
8;35;2023;28.08.23;VMG;1;41;31,91;HM
8;35;2023;28.08.23;VMG;1;57;28,59;HM
8;35;2023;29.08.23;VMF;1;24;30,94;HM
8;35;2023;29.08.23;VMG;1;25;30,25;HM
8;35;2023;29.08.23;VMG;1;26;29,15;HM
8;35;2023;30.08.23;VMM;1;2;29,39;HM
9;36;2023;04.09.23;VMG;1;12;28,82;HM
9;36;2023;04.09.23;VMG;1;32;28,72;HM
9;36;2023;04.09.23;VMG;1;41;34,18;HM
9;36;2023;04.09.23;VMG;1;57;30,67;HM
9;36;2023;05.09.23;VMG;1;25;31,39;HM
9;36;2023;05.09.23;VMG;1;26;29,18;HM
9;37;2023;11.09.23;VMG;1;41;32,7;HM
9;37;2023;12.09.23;VMG;1;26;29,9;HM
9;38;2023;18.09.23;VMG;1;32;28,46;HM
9;38;2023;18.09.23;VMG;1;41;33,29;HM
9;38;2023;18.09.23;VMG;1;57;30,55;HM
9;38;2023;19.09.23;VMG;1;26;29,07;HM
9;39;2023;25.09.23;VMG;1;32;28,8;HM
9;39;2023;25.09.23;VMG;1;41;31,09;HM
9;39;2023;25.09.23;VMG;1;57;28,49;HM
9;39;2023;26.09.23;VMG;1;12;29,18;HM
10;40;2023;02.10.23;VMF;1;12;29,37;HM
10;40;2023;02.10.23;VMG;1;4;29,8;HM
10;40;2023;02.10.23;VMG;1;32;28,71;HM
10;40;2023;02.10.23;VMG;1;40;30,57;HM
10;40;2023;02.10.23;VMG;1;41;34,56;HM
10;40;2023;02.10.23;VMG;1;57;29,35;HM
10;40;2023;04.10.23;VMG;1;7;31,0;HM
10;40;2023;04.10.23;VMG;1;26;34,33;HM
10;40;2023;04.10.23;VMG;1;32;30,22;HM
10;40;2023;04.10.23;VMG;1;57;30,11;HM
10;40;2023;04.10.23;VMM;1;2;28,72;HM
10;40;2023;04.10.23;VMN;1;2;31,7;HM
10;40;2023;04.10.23;VMN;1;6;30,4;HM
10;40;2023;04.10.23;VMN;1;11;30,03;HM
10;40;2023;05.10.23;VMF;1;51;33,34;HM
10;40;2023;05.10.23;VMF;1;52;28,91;HM
10;41;2023;12.10.23;VMF;1;12;29,71;HM
10;42;2023;16.10.23;VMG;1;32;29,42;HM
10;42;2023;16.10.23;VMG;1;41;31,41;HM
10;42;2023;16.10.23;VMG;1;57;28,55;HM
10;43;2023;23.10.23;VMG;1;4;28,94;HM
10;43;2023;23.10.23;VMG;1;32;30,12;HM
10;43;2023;23.10.23;VMG;1;41;32,24;HM
10;43;2023;24.10.23;VMF;1;16;35,03;HM
10;43;2023;24.10.23;VMG;1;12;29,28;HM
10;43;2023;24.10.23;VMG;1;26;29,56;HM
10;43;2023;26.10.23;VMG;1;25;29,9;HM
10;44;2023;30.10.23;VMG;1;4;32,22;HM
10;44;2023;30.10.23;VMG;1;32;30,36;HM
10;44;2023;30.10.23;VMG;1;41;33,18;HM
10;44;2023;30.10.23;VMG;1;57;29,85;HM
10;44;2023;30.10.23;VMN;1;6;28,58;HM
10;44;2023;31.10.23;VMG;1;12;30,48;HM
10;44;2023;31.10.23;VMM;1;3;30,63;HM
11;44;2023;02.11.23;VMG;1;4;33,78;HM
11;45;2023;06.11.23;VMG;1;32;31,26;HM
11;45;2023;06.11.23;VMG;1;41;34,15;HM
11;45;2023;06.11.23;VMG;1;57;28,68;HM
11;45;2023;07.11.23;VMG;1;12;28,96;HM
11;45;2023;07.11.23;VMM;1;3;30,81;HM
11;46;2023;13.11.23;VMG;1;4;29,18;HM
11;46;2023;13.11.23;VMG;1;32;30,1;HM
11;46;2023;13.11.23;VMG;1;41;30,86;HM
11;46;2023;14.11.23;VMG;1;12;31,08;HM
11;46;2023;14.11.23;VMM;1;3;30,16;HM
11;46;2023;15.11.23;VMF;1;8;30,93;HM
11;47;2023;20.11.23;VMG;1;4;29,98;HM
11;47;2023;20.11.23;VMG;1;10;29,67;HM
11;47;2023;20.11.23;VMG;1;32;30,88;HM
11;47;2023;20.11.23;VMG;1;41;32,4;HM
11;47;2023;21.11.23;VMM;1;3;29,23;HM
11;47;2023;23.11.23;VMF;1;2;29,15;HM
11;47;2023;23.11.23;VMN;1;1;29,54;HM
11;48;2023;27.11.23;VMG;1;32;28,52;HM
11;48;2023;27.11.23;VMG;1;41;32,8;HM
11;48;2023;28.11.23;VMF;1;16;33,77;HM
11;48;2023;28.11.23;VMF;1;53;34,16;HM
11;48;2023;28.11.23;VMM;1;3;30,67;HM
12;49;2023;04.12.23;VMG;1;32;28,96;HM
12;49;2023;04.12.23;VMG;1;41;31,5;HM
12;49;2023;05.12.23;VMM;1;3;30,43;HM
12;50;2023;11.12.23;VMG;1;4;32,6;HM
12;50;2023;11.12.23;VMG;1;32;29,98;HM
12;50;2023;11.12.23;VMG;1;41;31,93;HM
12;50;2023;12.12.23;VMF;1;51;29,9;HM
12;51;2023;18.12.23;VMG;1;32;30,3;HM
12;51;2023;18.12.23;VMG;1;41;31,82;HM
12;51;2023;19.12.23;VMM;1;3;30,25;HM
12;52;2023;27.12.23;VMF;1;52;32,62;HM
12;52;2023;27.12.23;VMF;1;53;32,72;HM
12;52;2023;27.12.23;VMG;1;7;46,16;HM
12;52;2023;27.12.23;VMG;1;9;44,85;HM
12;52;2023;27.12.23;VMG;1;24;41,94;HM
12;52;2023;27.12.23;VMG;1;32;34,94;HM
12;52;2023;27.12.23;VMG;1;41;41,68;HM
12;52;2023;27.12.23;VMM;1;2;32,18;HM
12;52;2023;27.12.23;VMM;1;3;31,75;HM
12;52;2023;27.12.23;VMM;1;21;28,67;HM
12;52;2023;27.12.23;VMM;1;27;29,26;HM
12;52;2023;27.12.23;VMN;1;1;45,49;HM
12;52;2023;27.12.23;VMN;1;6;42,12;HM
12;52;2023;27.12.23;VMN;1;7;29,65;HM
12;52;2023;27.12.23;VMN;1;12;28,91;HM
12;52;2023;28.12.23;VMF;1;51;33,12;HM
12;52;2023;28.12.23;VMG;1;12;31,19;HM
12;52;2023;28.12.23;VMG;1;23;37,35;HM
12;52;2023;29.12.23;VMF;1;5;30,1;HM
12;52;2023;29.12.23;VMF;1;7;36,23;HM
12;52;2023;29.12.23;VMF;1;15;28,46;HM
12;52;2023;29.12.23;VMG;1;7;47,48;HM
12;52;2023;29.12.23;VMG;1;25;42,61;HM
12;52;2023;29.12.23;VMG;1;26;28,9;HM
12;52;2023;29.12.23;VMG;1;36;29,21;HM
12;52;2023;29.12.23;VMG;1;40;36,56;HM
12;52;2023;29.12.23;VMG;1;43;29,72;HM
12;52;2023;29.12.23;VMG;1;45;40,1;HM
12;52;2023;29.12.23;VMG;1;47;29,8;HM
12;52;2023;29.12.23;VMG;1;49;39,62;HM
12;52;2023;29.12.23;VMG;1;57;29,55;HM
12;52;2023;29.12.23;VMM;1;3;31,9;HM
12;52;2023;29.12.23;VMM;1;13;31,05;HM
12;52;2023;29.12.23;VMN;1;1;42,32;HM
12;52;2023;29.12.23;VMN;1;2;46,3;HM
12;52;2023;29.12.23;VMN;1;5;35,28;HM
12;52;2023;29.12.23;VMN;1;7;28,92;HM
12;52;2023;29.12.23;VMN;1;8;34,44;HM
12;52;2023;29.12.23;VMN;1;11;37,29;HM
12;52;2023;29.12.23;VMN;1;33;32,2;HM
