Date,Temperature_Max (Â°C),Rain_Sum (mm),Snowfall_Sum (cm),Wind_Speed_Max (km/h),Daylight_Duration (s)
2019-01-01,7.5,1.9,0.0,36.8,27893.2
2019-01-02,3.6,0.0,0.0,31.2,27967.86
2019-01-03,2.2,0.1,0.21,21.4,28049.35
2019-01-04,4.8,0.4,0.07,23.8,28137.45
2019-01-05,7.6,1.2,0.0,21.3,28231.93
2019-01-06,2.9,0.0,0.0,12.8,28332.57
2019-01-07,5.1,2.7,0.0,22.2,28439.14
2019-01-08,5.9,10.8,0.0,32.2,28551.4
2019-01-09,2.9,5.2,3.01,28.5,28669.14
2019-01-10,2.4,0.3,0.0,22.8,28792.12
2019-01-11,5.3,0.7,1.4,21.1,28920.11
2019-01-12,5.5,3.0,0.0,24.9,29052.9
2019-01-13,7.5,8.5,0.0,34.8,29190.26
2019-01-14,5.2,0.1,0.07,35.7,29331.96
2019-01-15,6.4,2.6,0.56,31.7,29477.8
2019-01-16,7.0,1.8,0.0,27.7,29627.55
2019-01-17,6.5,4.3,0.98,25.6,29781.02
2019-01-18,1.8,0.2,1.33,24.9,29937.99
2019-01-19,2.3,0.0,0.0,8.8,30098.54
2019-01-20,1.2,0.0,0.0,8.7,30264.4
2019-01-21,-1.2,0.0,0.0,14.3,30435.62
2019-01-22,-0.3,0.0,0.0,14.3,30611.88
2019-01-23,-2.2,0.0,0.0,19.7,30792.84
2019-01-24,-3.1,0.0,0.0,16.4,30978.18
2019-01-25,-2.5,0.0,0.0,13.4,31167.59
2019-01-26,3.3,4.2,1.33,14.8,31360.77
2019-01-27,5.2,3.2,0.0,17.7,31557.4
2019-01-28,4.9,2.8,0.0,19.6,31757.21
2019-01-29,2.9,0.6,0.49,21.6,31959.9
2019-01-30,2.8,0.0,0.0,25.6,32165.21
2019-01-31,3.5,0.0,0.0,17.9,32372.87
2019-02-01,1.7,0.0,0.0,20.1,32582.6
2019-02-02,1.8,1.2,3.71,15.1,32794.16
2019-02-03,2.1,0.6,0.21,18.1,33007.3
2019-02-04,4.8,0.0,0.0,17.6,33221.79
2019-02-05,4.3,0.0,0.28,19.6,33437.37
2019-02-06,6.3,0.0,0.0,20.6,33653.84
2019-02-07,6.2,0.1,0.0,20.6,33870.95
2019-02-08,8.3,0.0,0.0,24.9,34088.84
2019-02-09,9.9,2.1,0.0,31.9,34309.56
2019-02-10,8.6,8.0,0.0,31.2,34533.29
2019-02-11,6.6,2.9,0.28,33.4,34759.77
2019-02-12,5.4,0.0,0.0,26.4,34988.75
2019-02-13,8.1,0.6,0.0,25.6,35219.97
2019-02-14,9.8,0.2,0.0,16.6,35453.2
2019-02-15,11.3,0.0,0.0,11.5,35688.2
2019-02-16,14.0,0.0,0.0,15.0,35924.73
2019-02-17,12.2,0.0,0.0,10.8,36162.58
2019-02-18,13.1,0.0,0.0,10.4,36401.53
2019-02-19,9.7,1.2,0.0,23.0,36641.37
2019-02-20,9.7,0.2,0.0,21.3,36881.88
2019-02-21,11.1,3.9,0.0,23.1,37122.88
2019-02-22,8.4,0.9,0.0,23.7,37364.16
2019-02-23,4.1,0.0,0.0,12.7,37605.54
2019-02-24,10.0,0.0,0.0,9.5,37846.8
2019-02-25,12.5,0.0,0.0,14.6,38087.79
2019-02-26,11.2,0.0,0.0,13.4,38328.32
2019-02-27,14.2,0.0,0.0,12.4,38568.19
2019-02-28,12.4,0.0,0.0,22.0,38807.55
2019-03-01,5.9,0.4,0.0,15.8,39048.3
2019-03-02,5.7,0.0,0.0,15.2,39290.71
2019-03-03,10.1,4.3,0.0,25.1,39534.58
2019-03-04,14.3,1.8,0.0,40.3,39779.74
2019-03-05,8.7,1.2,0.0,37.9,40026.0
2019-03-06,11.2,0.0,0.0,23.3,40273.21
2019-03-07,16.2,1.9,0.0,33.9,40521.2
2019-03-08,9.6,1.2,0.0,41.5,40769.79
2019-03-09,11.5,10.7,0.0,43.7,41018.83
2019-03-10,7.6,10.0,1.26,30.6,41268.15
2019-03-11,5.6,3.4,0.63,27.5,41517.61
2019-03-12,8.3,0.1,0.0,25.2,41767.03
2019-03-13,10.0,2.1,0.0,37.7,42016.27
2019-03-14,8.4,9.1,0.0,29.9,42265.17
2019-03-15,9.5,4.0,0.0,35.1,42513.57
2019-03-16,9.0,4.8,0.0,35.5,42761.32
2019-03-17,12.6,2.3,0.0,31.4,43008.25
2019-03-18,7.7,2.5,0.0,36.8,43254.23
2019-03-19,8.3,0.3,0.0,21.0,43499.1
2019-03-20,11.6,0.0,0.0,19.1,43742.95
2019-03-21,13.7,0.0,0.0,18.4,43987.55
2019-03-22,13.5,0.0,0.0,11.4,44233.16
2019-03-23,16.9,0.0,0.0,20.7,44479.61
2019-03-24,10.7,0.0,0.0,10.3,44726.77
2019-03-25,7.9,2.5,0.49,27.0,44974.5
2019-03-26,8.3,0.1,0.0,31.2,45222.66
2019-03-27,9.5,0.1,0.0,21.6,45471.12
2019-03-28,11.0,3.5,0.0,16.8,45719.73
2019-03-29,12.8,0.0,0.0,12.0,45968.34
2019-03-30,16.9,0.0,0.0,15.5,46216.81
2019-03-31,12.0,0.0,0.0,18.9,46465.0
2019-04-01,10.1,0.0,0.0,20.0,46712.77
2019-04-02,13.8,0.0,0.0,21.4,46959.95
2019-04-03,18.0,0.2,0.0,15.3,47206.41
2019-04-04,19.3,0.0,0.0,18.3,47451.99
2019-04-05,16.3,0.0,0.0,16.3,47696.53
2019-04-06,20.0,0.0,0.0,16.9,47939.87
2019-04-07,18.3,0.0,0.0,15.6,48181.85
2019-04-08,18.3,0.2,0.0,21.1,48422.29
2019-04-09,11.6,0.0,0.0,18.6,48661.29
2019-04-10,8.7,0.0,0.0,17.9,48900.54
2019-04-11,6.7,0.0,0.0,17.3,49140.26
2019-04-12,5.0,0.0,0.0,18.1,49380.31
2019-04-13,7.3,0.4,0.07,17.1,49620.54
2019-04-14,9.5,2.3,0.35,22.4,49860.8
2019-04-15,12.6,0.0,0.0,17.1,50100.95
2019-04-16,14.7,0.0,0.0,21.7,50340.83
2019-04-17,16.9,0.0,0.0,17.0,50580.28
2019-04-18,20.0,0.0,0.0,18.7,50819.14
2019-04-19,20.9,0.0,0.0,17.4,51057.25
2019-04-20,20.1,0.0,0.0,13.3,51294.43
2019-04-21,20.1,0.0,0.0,14.0,51530.52
2019-04-22,18.8,0.0,0.0,32.0,51765.32
2019-04-23,19.7,0.4,0.0,40.0,51998.65
2019-04-24,22.6,0.0,0.0,25.5,52230.32
2019-04-25,24.3,0.2,0.0,17.6,52460.14
2019-04-26,25.2,2.6,0.0,22.1,52687.91
2019-04-27,17.2,4.1,0.0,23.5,52913.4
2019-04-28,13.0,0.9,0.0,19.9,53136.41
2019-04-29,16.8,3.3,0.0,24.7,53356.98
2019-04-30,17.4,0.0,0.0,18.8,53576.77
2019-05-01,17.2,4.8,0.0,24.2,53795.96
2019-05-02,14.1,0.4,0.0,28.8,54014.39
2019-05-03,10.7,0.2,0.0,25.0,54231.89
2019-05-04,10.3,2.3,0.0,16.5,54448.26
2019-05-05,11.5,0.0,0.0,13.5,54663.33
2019-05-06,11.4,0.2,0.0,23.5,54876.88
2019-05-07,12.3,0.7,0.0,14.0,55088.75
2019-05-08,18.0,0.1,0.0,25.6,55298.7
2019-05-09,16.8,2.8,0.0,20.8,55506.53
2019-05-10,16.8,5.7,0.0,20.5,55712.02
2019-05-11,15.0,2.7,0.0,19.3,55914.95
2019-05-12,15.8,0.2,0.0,22.7,56115.09
2019-05-13,14.7,0.1,0.0,20.5,56312.18
2019-05-14,13.5,0.2,0.0,29.4,56506.0
2019-05-15,13.5,0.1,0.0,22.5,56696.29
2019-05-16,13.7,12.7,0.0,22.8,56882.79
2019-05-17,18.7,0.0,0.0,13.9,57065.23
2019-05-18,22.7,0.1,0.0,21.3,57243.35
2019-05-19,23.7,0.0,0.0,19.0,57417.09
2019-05-20,24.7,4.6,0.0,18.8,57587.88
2019-05-21,22.5,0.4,0.0,13.6,57755.84
2019-05-22,15.3,1.4,0.0,28.3,57920.8
2019-05-23,19.4,0.0,0.0,21.9,58082.56
2019-05-24,22.2,0.0,0.0,16.8,58240.95
2019-05-25,18.0,0.0,0.0,20.1,58395.76
2019-05-26,22.3,0.0,0.0,28.5,58546.8
2019-05-27,19.5,0.0,0.0,23.8,58693.87
2019-05-28,19.0,0.2,0.0,20.5,58836.76
2019-05-29,16.5,0.0,0.0,16.2,58975.26
2019-05-30,23.0,0.0,0.0,21.6,59109.17
2019-05-31,24.0,1.4,0.0,19.1,59238.28
2019-06-01,28.1,0.0,0.0,21.7,59362.36
2019-06-02,30.6,0.0,0.0,14.7,59481.21
2019-06-03,33.6,0.0,0.0,22.0,59594.61
2019-06-04,30.4,0.0,0.0,14.8,59702.32
2019-06-05,32.8,0.0,0.0,19.8,59804.15
2019-06-06,29.8,13.4,0.0,20.2,59899.88
2019-06-07,25.7,3.2,0.0,16.6,59989.27
2019-06-08,22.5,0.5,0.0,30.8,60072.24
2019-06-09,25.9,0.0,0.0,16.2,60149.44
2019-06-10,27.6,4.6,0.0,19.3,60220.96
2019-06-11,28.8,2.2,0.0,18.1,60286.74
2019-06-12,33.1,8.0,0.0,27.4,60346.7
2019-06-13,25.5,0.4,0.0,17.5,60400.78
2019-06-14,30.4,0.7,0.0,15.9,60448.92
2019-06-15,32.5,8.1,0.0,26.8,60491.05
2019-06-16,24.0,0.0,0.0,17.1,60527.14
2019-06-17,26.4,0.1,0.0,13.0,60557.14
2019-06-18,29.8,0.0,0.0,19.7,60581.0
2019-06-19,31.0,0.5,0.0,17.9,60598.67
2019-06-20,27.5,1.6,0.0,17.4,60610.14
2019-06-21,24.3,0.6,0.0,16.7,60615.37
2019-06-22,25.0,0.0,0.0,20.8,60614.35
2019-06-23,27.7,0.0,0.0,21.4,60607.04
2019-06-24,29.1,0.0,0.0,17.0,60593.43
2019-06-25,33.7,0.0,0.0,19.9,60573.53
2019-06-26,36.4,0.0,0.0,25.0,60547.33
2019-06-27,25.1,0.0,0.0,21.9,60514.82
2019-06-28,24.3,0.0,0.0,13.0,60475.96
2019-06-29,30.5,0.0,0.0,9.8,60430.33
2019-06-30,37.4,0.0,0.0,24.6,60378.0
2019-07-01,27.6,1.9,0.0,24.6,60319.13
2019-07-02,22.3,0.0,0.0,28.8,60253.86
2019-07-03,19.0,0.1,0.0,22.2,60182.39
2019-07-04,22.1,0.0,0.0,20.3,60104.86
2019-07-05,21.0,1.2,0.0,26.3,60021.47
2019-07-06,23.3,4.0,0.0,25.7,59932.36
2019-07-07,17.8,0.0,0.0,26.3,59837.74
2019-07-08,18.8,0.1,0.0,23.3,59737.77
2019-07-09,18.2,0.2,0.0,19.8,59632.62
2019-07-10,21.3,1.4,0.0,20.9,59522.49
2019-07-11,24.3,0.0,0.0,13.9,59407.53
2019-07-12,18.9,8.6,0.0,8.5,59287.93
2019-07-13,24.4,2.3,0.0,15.8,59163.87
2019-07-14,22.5,0.2,0.0,17.7,59035.52
2019-07-15,18.8,0.1,0.0,18.4,58903.04
2019-07-16,20.9,0.5,0.0,23.3,58766.61
2019-07-17,22.9,0.0,0.0,13.9,58626.41
2019-07-18,25.7,0.0,0.0,11.9,58482.38
2019-07-19,24.7,0.2,0.0,17.7,58333.29
2019-07-20,29.9,0.4,0.0,15.7,58179.1
2019-07-21,26.2,0.0,0.0,20.4,58020.07
2019-07-22,25.2,0.3,0.0,18.0,57856.51
2019-07-23,30.3,0.0,0.0,19.2,57688.65
2019-07-24,32.9,0.0,0.0,12.7,57516.76
2019-07-25,34.1,0.0,0.0,18.4,57341.08
2019-07-26,30.9,0.0,0.0,19.4,57161.88
2019-07-27,28.0,0.0,0.0,22.2,56979.38
2019-07-28,30.7,0.0,0.0,19.6,56793.82
2019-07-29,33.5,2.2,0.0,18.4,56605.43
2019-07-30,29.9,0.8,0.0,16.3,56414.44
2019-07-31,26.5,9.7,0.0,13.3,56221.06
2019-08-01,24.2,1.4,0.0,11.2,56025.5
2019-08-02,23.9,5.1,0.0,11.2,55827.96
2019-08-03,24.6,1.4,0.0,15.4,55628.66
2019-08-04,23.9,0.3,0.0,17.1,55427.78
2019-08-05,25.1,0.9,0.0,14.4,55225.51
2019-08-06,27.5,1.2,0.0,23.2,55022.02
2019-08-07,24.3,0.9,0.0,22.1,54817.26
2019-08-08,25.8,0.1,0.0,24.3,54609.63
2019-08-09,27.1,0.5,0.0,19.1,54399.0
2019-08-10,27.2,3.3,0.0,26.2,54185.62
2019-08-11,27.4,0.1,0.0,19.3,53969.7
2019-08-12,23.8,0.2,0.0,18.8,53751.47
2019-08-13,21.9,0.5,0.0,25.1,53531.14
2019-08-14,21.0,0.0,0.0,19.1,53308.91
2019-08-15,22.6,0.1,0.0,24.5,53084.99
2019-08-16,22.2,0.1,0.0,18.7,52859.56
2019-08-17,26.8,0.0,0.0,21.9,52632.83
2019-08-18,25.6,3.4,0.0,22.4,52404.96
2019-08-19,23.6,0.0,0.0,19.8,52176.14
2019-08-20,24.5,0.9,0.0,10.5,51946.55
2019-08-21,23.3,0.1,0.0,16.1,51716.33
2019-08-22,26.4,0.0,0.0,14.1,51485.67
2019-08-23,27.8,0.0,0.0,12.0,51254.72
2019-08-24,29.1,0.0,0.0,18.8,51023.64
2019-08-25,30.0,0.0,0.0,19.2,50792.57
2019-08-26,31.0,0.0,0.0,13.0,50561.66
2019-08-27,30.6,0.1,0.0,22.0,50330.81
2019-08-28,32.2,0.0,0.0,18.4,50098.4
2019-08-29,30.1,0.0,0.0,13.5,49864.26
2019-08-30,29.1,0.9,0.0,11.5,49628.57
2019-08-31,32.6,0.0,0.0,15.7,49391.48
2019-09-01,29.3,0.0,0.0,21.2,49153.18
2019-09-02,21.1,0.0,0.0,19.1,48913.8
2019-09-03,20.3,0.0,0.0,21.0,48673.52
2019-09-04,27.1,0.0,0.0,22.1,48432.48
2019-09-05,22.2,0.5,0.0,30.1,48190.82
2019-09-06,20.3,0.0,0.0,15.9,47948.71
2019-09-07,20.0,0.3,0.0,12.3,47706.28
2019-09-08,20.2,0.0,0.0,11.8,47463.67
2019-09-09,14.9,18.4,0.0,20.0,47221.01
2019-09-10,19.3,0.3,0.0,29.5,46978.45
2019-09-11,22.0,0.0,0.0,18.9,46736.12
2019-09-12,21.4,1.0,0.0,18.9,46494.15
2019-09-13,20.3,1.8,0.0,29.9,46252.67
2019-09-14,18.4,0.0,0.0,10.5,46011.82
2019-09-15,23.0,0.3,0.0,24.7,45771.71
2019-09-16,16.4,0.5,0.0,18.2,45532.24
2019-09-17,15.9,2.7,0.0,33.2,45291.77
2019-09-18,15.8,0.0,0.0,29.2,45050.11
2019-09-19,16.2,0.0,0.0,16.6,44807.4
2019-09-20,16.2,0.0,0.0,14.5,44563.79
2019-09-21,20.4,0.0,0.0,12.0,44319.43
2019-09-22,24.1,0.0,0.0,16.6,44074.44
2019-09-23,22.9,0.0,0.0,15.5,43828.98
2019-09-24,18.8,0.1,0.0,10.8,43583.18
2019-09-25,17.7,4.1,0.0,9.8,43337.18
2019-09-26,19.8,0.0,0.0,11.0,43091.12
2019-09-27,17.3,10.1,0.0,16.9,42845.14
2019-09-28,18.5,4.9,0.0,22.1,42599.38
2019-09-29,16.1,5.7,0.0,24.7,42353.98
2019-09-30,15.6,12.9,0.0,41.6,42109.07
2019-10-01,17.0,5.8,0.0,24.4,41864.8
2019-10-02,13.4,10.4,0.0,24.7,41621.32
2019-10-03,12.5,2.1,0.0,26.3,41378.75
2019-10-04,12.7,10.1,0.0,15.3,41137.27
2019-10-05,11.7,8.0,0.0,24.3,40897.0
2019-10-06,10.9,0.0,0.0,13.2,40657.82
2019-10-07,11.2,0.0,0.0,10.0,40418.0
2019-10-08,12.6,4.4,0.0,22.9,40177.31
2019-10-09,15.6,2.5,0.0,21.3,39935.9
2019-10-10,13.9,1.5,0.0,23.9,39693.93
2019-10-11,15.7,1.0,0.0,26.5,39451.56
2019-10-12,19.4,0.0,0.0,26.8,39208.96
2019-10-13,23.2,0.0,0.0,21.1,38966.29
2019-10-14,21.3,0.0,0.0,17.3,38723.71
2019-10-15,20.5,0.0,0.0,13.6,38481.39
2019-10-16,14.6,8.4,0.0,29.7,38239.5
2019-10-17,17.3,0.0,0.0,20.1,37998.22
2019-10-18,18.9,3.9,0.0,21.3,37757.73
2019-10-19,15.3,0.5,0.0,17.5,37518.2
2019-10-20,19.1,0.0,0.0,13.3,37279.83
2019-10-21,18.1,0.0,0.0,10.1,37042.8
2019-10-22,16.9,0.0,0.0,9.8,36807.3
2019-10-23,17.3,0.0,0.0,15.9,36573.56
2019-10-24,16.7,0.0,0.0,16.3,36341.75
2019-10-25,17.5,0.0,0.0,22.3,36112.1
2019-10-26,17.6,0.0,0.0,21.3,35884.52
2019-10-27,16.2,2.4,0.0,24.2,35657.04
2019-10-28,11.7,0.2,0.0,21.7,35429.43
2019-10-29,9.7,0.6,0.0,12.0,35201.88
2019-10-30,8.2,0.0,0.0,10.1,34974.6
2019-10-31,6.3,0.0,0.0,10.5,34747.8
2019-11-01,6.5,1.5,0.0,19.2,34521.71
2019-11-02,15.0,1.5,0.0,19.2,34296.52
2019-11-03,12.5,3.1,0.0,16.8,34072.49
2019-11-04,12.0,7.1,0.0,14.4,33849.82
2019-11-05,10.9,1.9,0.0,18.0,33628.77
2019-11-06,8.7,4.7,0.0,17.5,33409.57
2019-11-07,10.8,0.2,0.0,13.4,33192.49
2019-11-08,9.9,4.1,0.0,14.9,32977.79
2019-11-09,8.4,2.9,0.0,18.9,32765.71
2019-11-10,8.1,0.0,0.0,9.4,32556.55
2019-11-11,6.9,0.0,0.0,19.9,32350.6
2019-11-12,8.0,0.0,0.0,19.2,32148.12
2019-11-13,6.4,0.2,0.0,12.6,31949.44
2019-11-14,8.1,0.0,0.0,22.4,31754.84
2019-11-15,10.1,0.0,0.0,27.4,31564.34
2019-11-16,9.0,1.4,0.0,26.1,31375.94
2019-11-17,9.9,1.3,0.0,19.0,31189.44
2019-11-18,12.4,1.4,0.0,21.2,31005.08
2019-11-19,8.9,1.1,0.0,29.8,30823.09
2019-11-20,5.6,6.8,0.0,10.2,30643.72
2019-11-21,9.4,4.4,0.0,14.4,30467.21
2019-11-22,10.1,0.9,0.0,15.3,30293.81
2019-11-23,10.0,0.0,0.0,21.6,30123.8
2019-11-24,8.9,0.0,0.0,18.4,29957.44
2019-11-25,5.9,0.0,0.0,12.6,29795.0
2019-11-26,7.3,0.2,0.0,14.6,29636.77
2019-11-27,7.7,2.8,0.0,18.4,29483.01
2019-11-28,11.5,2.7,0.0,29.3,29334.04
2019-11-29,8.9,1.4,0.0,31.4,29190.12
2019-11-30,5.1,0.6,0.07,18.3,29051.58
2019-12-01,3.4,0.0,0.0,7.1,28918.7
2019-12-02,5.3,0.7,0.0,22.9,28791.79
2019-12-03,5.1,0.2,0.0,15.7,28671.16
2019-12-04,6.6,0.0,0.0,17.5,28557.13
2019-12-05,4.4,0.0,0.0,15.2,28449.77
2019-12-06,5.1,5.2,0.0,22.8,28347.82
2019-12-07,8.9,3.2,0.0,29.5,28251.15
2019-12-08,10.7,0.6,0.0,29.8,28159.87
2019-12-09,8.8,0.7,0.0,24.6,28074.12
2019-12-10,5.2,0.0,0.0,20.9,27994.03
2019-12-11,4.3,0.0,0.0,22.0,27919.74
2019-12-12,4.4,1.3,0.07,15.8,27851.38
2019-12-13,3.0,0.1,0.0,21.4,27789.06
2019-12-14,4.9,6.2,0.0,28.6,27732.91
2019-12-15,8.9,2.8,0.0,35.3,27683.05
2019-12-16,8.1,0.9,0.0,18.4,27639.6
2019-12-17,11.4,0.0,0.0,18.6,27602.66
2019-12-18,14.7,0.4,0.0,28.8,27572.35
2019-12-19,8.7,0.0,0.0,17.3,27548.76
2019-12-20,9.6,0.1,0.0,16.1,27532.0
2019-12-21,8.9,3.0,0.0,15.7,27522.16
2019-12-22,5.2,0.1,0.0,14.3,27519.32
2019-12-23,7.7,0.8,0.0,22.7,27523.56
2019-12-24,7.1,3.2,0.0,16.9,27534.96
2019-12-25,6.1,0.6,0.0,15.8,27553.61
2019-12-26,5.7,1.1,0.0,19.8,27579.69
2019-12-27,4.0,0.3,0.0,16.3,27613.08
2019-12-28,2.2,0.0,0.0,12.2,27653.66
2019-12-29,1.4,0.0,0.0,13.5,27701.25
2019-12-30,7.0,0.0,0.0,18.8,27755.71
2019-12-31,7.3,0.6,0.0,23.8,27816.88
2020-01-01,4.1,0.0,0.0,12.3,27884.6
2020-01-02,5.3,0.0,0.0,14.0,27958.67
2020-01-03,6.4,3.7,0.0,23.2,28038.96
2020-01-04,5.3,4.0,0.0,32.6,28125.27
2020-01-05,3.8,0.0,0.0,19.6,28217.43
2020-01-06,5.1,0.0,0.0,16.1,28315.28
2020-01-07,5.1,0.0,0.0,15.5,28418.61
2020-01-08,7.9,1.7,0.0,22.2,28527.27
2020-01-09,9.6,6.2,0.0,20.2,28641.07
2020-01-10,10.6,3.1,0.0,23.9,28759.84
2020-01-11,6.2,0.0,0.0,20.7,28883.4
2020-01-12,6.9,0.2,0.0,25.3,29011.56
2020-01-13,7.3,0.4,0.0,24.8,29144.16
2020-01-14,10.6,0.1,0.0,27.1,29281.27
2020-01-15,12.2,0.0,0.0,24.7,29424.38
2020-01-16,9.8,0.0,0.0,18.1,29573.53
2020-01-17,8.3,0.0,0.0,21.8,29728.38
2020-01-18,7.2,0.4,0.0,22.5,29888.59
2020-01-19,5.4,0.4,0.0,13.8,30053.86
2020-01-20,3.5,0.0,0.0,15.6,30223.87
2020-01-21,5.4,0.0,0.0,18.2,30398.3
2020-01-22,5.8,0.2,0.0,20.8,30576.86
2020-01-23,5.4,0.0,0.0,11.9,30759.25
2020-01-24,3.4,0.0,0.0,14.7,30945.18
2020-01-25,2.5,0.0,0.0,13.6,31134.38
2020-01-26,2.3,0.1,0.0,10.2,31326.55
2020-01-27,8.3,0.6,0.0,19.2,31521.44
2020-01-28,8.6,7.0,0.0,29.0,31718.79
2020-01-29,5.9,2.9,0.91,34.6,31918.33
2020-01-30,7.7,5.9,0.07,27.1,32119.82
2020-01-31,11.1,1.6,0.0,29.2,32323.02
2020-02-01,11.5,6.3,0.0,29.0,32527.7
2020-02-02,8.5,5.0,0.0,31.7,32733.62
2020-02-03,9.8,4.3,0.0,24.7,32940.9
2020-02-04,6.6,2.6,0.0,30.5,33151.57
2020-02-05,4.8,0.9,0.0,33.2,33365.79
2020-02-06,5.7,0.0,0.0,23.9,33583.27
2020-02-07,7.2,0.0,0.0,15.5,33803.73
2020-02-08,8.3,0.0,0.0,18.2,34026.91
2020-02-09,12.0,3.3,0.0,40.1,34252.53
2020-02-10,12.7,13.7,0.0,44.7,34480.34
2020-02-11,6.5,2.8,0.0,45.4,34710.08
2020-02-12,6.0,0.3,0.21,42.5,34941.51
2020-02-13,5.9,2.2,0.0,25.6,35174.39
2020-02-14,6.5,0.5,0.0,12.9,35408.5
2020-02-15,9.1,0.0,0.0,21.2,35643.61
2020-02-16,15.9,2.0,0.0,36.6,35879.5
2020-02-17,16.0,0.1,0.0,36.2,36115.96
2020-02-18,8.1,2.3,0.0,35.7,36352.79
2020-02-19,6.8,4.8,0.07,25.9,36589.76
2020-02-20,6.6,0.8,0.0,24.1,36826.7
2020-02-21,7.8,5.2,0.0,32.2,37063.4
2020-02-22,11.5,3.6,0.0,38.9,37299.68
2020-02-23,7.6,16.1,0.0,31.4,37535.64
2020-02-24,7.2,7.0,0.0,33.1,37773.3
2020-02-25,9.8,3.1,0.0,28.7,38012.85
2020-02-26,4.4,2.0,0.28,16.9,38254.12
2020-02-27,5.7,1.5,0.14,18.6,38496.89
2020-02-28,7.2,1.1,0.28,27.3,38741.0
2020-02-29,11.9,6.1,1.47,28.8,38986.24
2020-03-01,10.0,1.4,0.0,30.6,39232.44
2020-03-02,9.1,3.3,0.0,21.3,39479.43
2020-03-03,6.6,1.9,0.0,20.9,39727.02
2020-03-04,8.0,0.4,0.0,18.0,39975.04
2020-03-05,10.1,0.0,0.0,19.9,40223.34
2020-03-06,7.6,6.8,0.0,20.4,40471.74
2020-03-07,6.7,1.9,0.0,29.8,40720.07
2020-03-08,9.9,0.0,0.0,20.6,40968.18
2020-03-09,10.0,1.6,0.0,13.3,41215.91
2020-03-10,9.6,5.7,0.0,27.3,41463.09
2020-03-11,12.2,3.0,0.0,30.7,41709.56
2020-03-12,12.5,3.5,0.0,44.8,41955.17
2020-03-13,9.3,2.1,0.0,42.0,42199.75
2020-03-14,6.8,0.0,0.0,19.3,42443.43
2020-03-15,11.4,0.0,0.0,24.5,42688.01
2020-03-16,15.6,0.0,0.0,14.8,42933.71
2020-03-17,14.6,0.0,0.0,17.0,43180.4
2020-03-18,15.7,0.0,0.0,21.0,43427.93
2020-03-19,13.5,0.1,0.0,13.4,43676.14
2020-03-20,8.9,0.0,0.0,13.6,43924.91
2020-03-21,5.9,0.0,0.0,25.6,44174.07
2020-03-22,4.9,0.0,0.0,21.8,44423.5
2020-03-23,4.9,0.0,0.0,13.4,44673.04
2020-03-24,6.4,0.0,0.0,15.1,44922.56
2020-03-25,8.1,0.0,0.0,19.1,45171.89
2020-03-26,9.9,0.0,0.0,20.5,45420.92
2020-03-27,14.8,0.0,0.0,14.2,45669.47
2020-03-28,13.6,0.0,0.0,18.7,45917.41
2020-03-29,5.1,1.5,0.0,30.6,46164.57
2020-03-30,3.2,0.0,0.84,23.0,46410.82
2020-03-31,3.8,0.0,0.0,14.1,46655.99
2020-04-01,8.5,0.0,0.0,19.6,46899.93
2020-04-02,9.1,0.0,0.0,21.9,47142.46
2020-04-03,10.0,0.0,0.0,25.5,47383.7
2020-04-04,11.3,0.0,0.0,11.1,47625.33
2020-04-05,15.1,0.0,0.0,19.1,47867.6
2020-04-06,20.1,0.0,0.0,20.7,48110.35
2020-04-07,18.6,0.0,0.0,16.5,48353.46
2020-04-08,20.9,0.0,0.0,12.8,48596.77
2020-04-09,17.6,0.0,0.0,22.7,48840.14
2020-04-10,14.7,0.0,0.0,14.4,49083.43
2020-04-11,14.2,0.0,0.0,9.0,49326.49
2020-04-12,21.8,0.0,0.0,15.3,49569.16
2020-04-13,9.9,1.1,0.0,27.7,49811.29
2020-04-14,9.8,0.0,0.0,21.9,50052.71
2020-04-15,14.6,0.0,0.0,24.6,50293.27
2020-04-16,16.8,0.0,0.0,15.9,50532.79
2020-04-17,15.9,0.0,0.0,14.8,50771.09
2020-04-18,16.2,0.0,0.0,19.9,51008.02
2020-04-19,12.8,0.0,0.0,21.3,51243.37
2020-04-20,14.8,0.0,0.0,21.2,51476.96
2020-04-21,16.7,0.0,0.0,24.5,51708.59
2020-04-22,18.2,0.0,0.0,16.8,51938.08
2020-04-23,20.4,0.0,0.0,9.8,52165.46
2020-04-24,21.6,0.0,0.0,24.8,52392.43
2020-04-25,14.2,0.1,0.0,23.7,52619.16
2020-04-26,17.2,0.0,0.0,14.6,52845.51
2020-04-27,21.8,0.0,0.0,18.0,53071.31
2020-04-28,22.6,0.1,0.0,17.1,53296.39
2020-04-29,17.1,1.9,0.0,15.0,53520.56
2020-04-30,17.5,0.9,0.0,18.7,53743.66
2020-05-01,16.8,4.1,0.0,25.5,53965.48
2020-05-02,15.4,6.5,0.0,18.4,54185.83
2020-05-03,14.6,0.4,0.0,20.6,54404.52
2020-05-04,12.7,4.5,0.0,15.0,54621.34
2020-05-05,11.9,0.7,0.0,21.3,54836.07
2020-05-06,16.1,0.0,0.0,20.9,55048.5
2020-05-07,15.8,0.0,0.0,18.7,55258.4
2020-05-08,20.5,0.0,0.0,14.8,55465.54
2020-05-09,21.8,0.0,0.0,15.3,55669.67
2020-05-10,23.7,0.3,0.0,16.6,55870.56
2020-05-11,15.4,7.8,0.0,26.3,56067.95
2020-05-12,11.2,0.2,0.0,23.4,56261.58
2020-05-13,13.6,0.7,0.0,20.0,56451.42
2020-05-14,14.1,0.7,0.0,19.9,56638.99
2020-05-15,14.6,0.0,0.0,21.8,56824.45
2020-05-16,14.6,0.0,0.0,23.4,57007.62
2020-05-17,17.6,0.0,0.0,22.0,57188.29
2020-05-18,21.2,0.0,0.0,22.7,57366.28
2020-05-19,18.7,0.0,0.0,21.7,57541.38
2020-05-20,20.1,0.0,0.0,17.5,57713.38
2020-05-21,20.0,0.0,0.0,18.4,57882.07
2020-05-22,22.6,1.6,0.0,21.4,58047.26
2020-05-23,19.1,5.7,0.0,20.9,58208.68
2020-05-24,16.2,8.5,0.0,27.5,58366.15
2020-05-25,13.9,1.1,0.0,22.7,58519.42
2020-05-26,19.2,0.2,0.0,14.0,58668.25
2020-05-27,20.8,0.9,0.0,18.1,58812.41
2020-05-28,19.4,0.6,0.0,22.2,58951.66
2020-05-29,19.6,0.0,0.0,17.2,59085.76
2020-05-30,17.1,0.0,0.0,28.6,59214.45
2020-05-31,21.4,0.0,0.0,24.6,59337.5
2020-06-01,23.4,0.0,0.0,23.9,59454.64
2020-06-02,26.4,0.0,0.0,20.0,59565.78
2020-06-03,24.0,0.0,0.0,10.7,59671.84
2020-06-04,24.7,3.4,0.0,24.8,59772.9
2020-06-05,17.4,3.5,0.0,27.0,59868.86
2020-06-06,18.5,0.8,0.0,26.2,59959.59
2020-06-07,19.5,0.6,0.0,15.5,60044.97
2020-06-08,20.4,0.0,0.0,12.5,60124.92
2020-06-09,21.6,0.0,0.0,16.6,60199.29
2020-06-10,21.5,0.1,0.0,19.5,60268.0
2020-06-11,20.1,10.6,0.0,13.2,60330.95
2020-06-12,26.2,1.0,0.0,16.4,60388.0
2020-06-13,28.1,1.0,0.0,19.4,60439.09
2020-06-14,24.4,4.4,0.0,21.5,60484.12
2020-06-15,24.2,0.0,0.0,16.4,60522.98
2020-06-16,25.6,0.0,0.0,9.7,60555.6
2020-06-17,27.7,0.0,0.0,17.6,60581.89
2020-06-18,25.8,0.1,0.0,14.9,60601.77
2020-06-19,20.7,4.2,0.0,15.6,60615.19
2020-06-20,19.4,7.9,0.0,26.3,60622.05
2020-06-21,22.8,4.3,0.0,22.4,60622.31
2020-06-22,25.2,0.0,0.0,23.5,60615.89
2020-06-23,23.8,0.0,0.0,16.4,60602.68
2020-06-24,24.7,0.0,0.0,17.9,60582.73
2020-06-25,27.4,0.4,0.0,21.2,60556.14
2020-06-26,27.3,7.0,0.0,16.5,60523.02
2020-06-27,30.4,0.1,0.0,17.1,60483.47
2020-06-28,28.9,1.5,0.0,21.2,60437.63
2020-06-29,23.3,0.3,0.0,17.4,60385.61
2020-06-30,23.0,0.0,0.0,29.1,60327.52
2020-07-01,22.7,7.2,0.0,23.7,60263.49
2020-07-02,22.9,1.0,0.0,17.3,60193.66
2020-07-03,22.1,1.4,0.0,19.9,60118.16
2020-07-04,25.1,1.9,0.0,24.7,60037.12
2020-07-05,26.9,1.2,0.0,33.7,59950.69
2020-07-06,20.3,0.7,0.0,31.9,59859.0
2020-07-07,19.3,0.5,0.0,21.3,59762.17
2020-07-08,17.9,0.4,0.0,19.4,59660.38
2020-07-09,19.9,4.6,0.0,20.5,59553.74
2020-07-10,25.2,9.6,0.0,29.7,59442.4
2020-07-11,19.4,0.0,0.0,16.9,59326.52
2020-07-12,19.8,0.0,0.0,18.0,59206.03
2020-07-13,22.4,0.0,0.0,11.4,59079.87
2020-07-14,27.0,0.0,0.0,13.4,58948.06
2020-07-15,17.1,12.7,0.0,16.2,58810.84
2020-07-16,20.0,2.5,0.0,16.7,58668.49
2020-07-17,20.7,5.1,0.0,19.2,58521.25
2020-07-18,25.5,0.0,0.0,8.7,58369.38
2020-07-19,28.4,0.1,0.0,8.7,58213.12
2020-07-20,24.8,2.8,0.0,22.7,58052.73
2020-07-21,21.7,0.0,0.0,16.9,57888.43
2020-07-22,21.3,0.3,0.0,16.3,57720.48
2020-07-23,22.9,1.0,0.0,11.4,57549.11
2020-07-24,27.7,0.0,0.0,25.5,57374.53
2020-07-25,24.7,1.2,0.0,10.4,57196.95
2020-07-26,23.5,3.2,0.0,21.4,57016.61
2020-07-27,24.8,0.5,0.0,14.9,56833.71
2020-07-28,27.3,0.5,0.0,22.5,56648.46
2020-07-29,22.4,0.0,0.0,28.5,56461.04
2020-07-30,23.2,0.1,0.0,16.2,56271.68
2020-07-31,26.5,0.0,0.0,14.5,56080.53
2020-08-01,28.9,0.0,0.0,14.0,55887.54
2020-08-02,29.5,3.1,0.0,13.9,55691.17
2020-08-03,23.3,0.1,0.0,16.0,55491.31
2020-08-04,23.1,0.0,0.0,16.2,55288.22
2020-08-05,27.6,0.0,0.0,13.1,55082.14
2020-08-06,29.9,0.0,0.0,15.3,54873.31
2020-08-07,32.4,0.0,0.0,14.1,54661.95
2020-08-08,35.5,0.0,0.0,9.4,54448.28
2020-08-09,35.2,0.3,0.0,20.9,54232.53
2020-08-10,31.0,0.1,0.0,18.4,54014.91
2020-08-11,31.6,0.0,0.0,18.5,53795.61
2020-08-12,30.7,0.0,0.0,15.2,53574.84
2020-08-13,31.7,0.1,0.0,15.5,53352.79
2020-08-14,28.3,0.2,0.0,17.7,53129.63
2020-08-15,30.1,0.0,0.0,19.1,52905.56
2020-08-16,30.5,0.0,0.0,18.9,52680.75
2020-08-17,30.4,0.0,0.0,19.2,52455.36
2020-08-18,23.9,3.3,0.0,15.9,52229.57
2020-08-19,26.5,0.7,0.0,13.5,52003.54
2020-08-20,31.2,0.0,0.0,18.2,51777.41
2020-08-21,35.6,0.0,0.0,19.6,51551.1
2020-08-22,25.9,4.6,0.0,19.8,51322.99
2020-08-23,23.8,0.0,0.0,25.0,51092.9
2020-08-24,22.5,0.3,0.0,20.0,50861.03
2020-08-25,23.0,0.2,0.0,18.8,50627.56
2020-08-26,19.5,11.2,0.0,34.7,50392.66
2020-08-27,19.2,1.0,0.0,32.9,50156.5
2020-08-28,21.2,2.5,0.0,19.3,49919.25
2020-08-29,22.6,0.0,0.0,15.4,49681.07
2020-08-30,22.7,9.0,0.0,13.9,49442.12
2020-08-31,21.3,2.3,0.0,14.6,49202.54
2020-09-01,18.4,0.1,0.0,15.8,48962.49
2020-09-02,17.7,3.6,0.0,13.7,48722.12
2020-09-03,21.2,4.6,0.0,19.6,48481.57
2020-09-04,21.5,3.9,0.0,18.1,48240.98
2020-09-05,18.7,7.3,0.0,17.9,48000.49
2020-09-06,18.2,0.1,0.0,20.5,47760.23
2020-09-07,18.2,0.0,0.0,17.1,47520.35
2020-09-08,20.9,0.0,0.0,26.2,47280.96
2020-09-09,24.2,0.1,0.0,21.4,47042.2
2020-09-10,18.5,1.2,0.0,19.6,46803.95
2020-09-11,21.5,0.0,0.0,10.2,46564.61
2020-09-12,25.9,0.0,0.0,21.6,46323.97
2020-09-13,23.9,0.0,0.0,17.2,46082.19
2020-09-14,28.2,0.0,0.0,10.6,45839.42
2020-09-15,30.3,0.0,0.0,15.6,45595.79
2020-09-16,28.9,0.2,0.0,20.4,45351.46
2020-09-17,18.4,0.3,0.0,17.2,45106.56
2020-09-18,19.1,0.0,0.0,9.1,44861.23
2020-09-19,20.6,0.0,0.0,14.9,44615.62
2020-09-20,21.3,0.0,0.0,14.7,44369.84
2020-09-21,24.0,0.0,0.0,11.0,44124.06
2020-09-22,25.9,0.0,0.0,11.5,43878.39
2020-09-23,26.4,0.0,0.0,12.6,43632.98
2020-09-24,21.9,0.0,0.0,23.7,43387.96
2020-09-25,15.0,11.5,0.0,15.8,43143.46
2020-09-26,12.0,24.3,0.0,28.2,42899.63
2020-09-27,11.4,1.1,0.0,13.6,42656.59
2020-09-28,17.4,0.2,0.0,13.0,42414.5
2020-09-29,17.7,0.0,0.0,8.9,42173.47
2020-09-30,18.2,0.0,0.0,9.0,41933.4
2020-10-01,16.5,0.2,0.0,10.3,41692.58
2020-10-02,17.0,0.0,0.0,22.9,41450.78
2020-10-03,21.6,0.8,0.0,23.8,41208.17
2020-10-04,18.7,0.0,0.0,23.0,40964.89
2020-10-05,15.6,0.8,0.0,14.9,40721.1
2020-10-06,16.2,0.6,0.0,22.7,40476.94
2020-10-07,15.8,5.7,0.0,17.7,40232.57
2020-10-08,14.8,3.9,0.0,23.7,39988.15
2020-10-09,15.0,4.3,0.0,21.8,39743.84
2020-10-10,12.3,0.5,0.0,21.6,39499.79
2020-10-11,11.3,0.1,0.0,19.3,39256.16
2020-10-12,11.4,0.4,0.0,13.0,39013.13
2020-10-13,12.0,0.0,0.0,19.2,38770.84
2020-10-14,10.5,13.6,0.0,33.1,38529.49
2020-10-15,12.0,0.8,0.0,29.2,38289.24
2020-10-16,11.3,1.0,0.0,18.3,38050.26
2020-10-17,11.1,0.8,0.0,11.1,37812.74
2020-10-18,9.7,0.2,0.0,23.6,37576.88
2020-10-19,11.4,0.0,0.0,15.5,37342.84
2020-10-20,11.9,0.9,0.0,20.9,37110.54
2020-10-21,16.1,2.8,0.0,24.3,36878.05
2020-10-22,19.1,0.1,0.0,24.7,36645.16
2020-10-23,16.7,7.6,0.0,14.8,36412.05
2020-10-24,16.1,0.0,0.0,23.2,36178.91
2020-10-25,16.7,0.0,0.0,20.5,35945.92
2020-10-26,12.6,2.5,0.0,13.7,35713.3
2020-10-27,12.6,0.0,0.0,21.8,35481.23
2020-10-28,13.1,0.0,0.0,21.1,35249.94
2020-10-29,11.1,1.9,0.0,26.3,35019.64
2020-10-30,13.4,9.9,0.0,23.3,34790.53
2020-10-31,15.1,4.0,0.0,16.7,34562.86
2020-11-01,14.4,1.4,0.0,18.5,34336.84
2020-11-02,19.9,7.6,0.0,21.1,34112.72
2020-11-03,17.4,0.3,0.0,19.9,33890.75
2020-11-04,11.0,0.0,0.0,19.8,33671.17
2020-11-05,10.2,0.0,0.0,18.2,33454.25
2020-11-06,11.8,0.2,0.0,16.7,33240.24
2020-11-07,11.0,0.0,0.0,11.6,33029.43
2020-11-08,10.1,0.0,0.0,12.2,32822.1
2020-11-09,7.1,0.0,0.0,15.0,32618.21
2020-11-10,7.2,0.0,0.0,14.8,32415.74
2020-11-11,7.4,0.0,0.0,10.3,32214.49
2020-11-12,9.9,0.7,0.0,15.2,32014.66
2020-11-13,10.8,0.0,0.0,13.2,31816.5
2020-11-14,13.9,0.3,0.0,12.2,31620.25
2020-11-15,14.2,0.0,0.0,19.6,31426.16
2020-11-16,11.6,2.1,0.0,19.6,31234.49
2020-11-17,10.7,2.7,0.0,19.5,31045.5
2020-11-18,12.1,0.1,0.0,19.5,30859.45
2020-11-19,12.1,0.5,0.0,29.6,30676.62
2020-11-20,5.9,0.2,0.0,20.5,30497.29
2020-11-21,6.3,0.2,0.0,23.6,30321.76
2020-11-22,9.9,0.9,0.0,25.0,30150.32
2020-11-23,8.4,0.0,0.0,25.6,29983.26
2020-11-24,6.6,0.0,0.0,15.5,29820.91
2020-11-25,4.2,0.0,0.0,14.4,29663.57
2020-11-26,7.3,0.1,0.0,15.2,29511.56
2020-11-27,6.9,0.2,0.0,8.1,29365.21
2020-11-28,5.4,0.0,0.0,9.1,29224.85
2020-11-29,5.1,0.0,0.0,13.4,29090.54
2020-11-30,3.0,0.0,0.0,13.6,28960.76
2020-12-01,4.0,0.0,0.07,14.5,28835.32
2020-12-02,2.1,0.0,0.0,14.5,28714.43
2020-12-03,0.4,0.0,0.07,20.0,28598.24
2020-12-04,4.0,0.0,0.0,20.6,28486.96
2020-12-05,7.7,0.0,0.0,18.5,28380.77
2020-12-06,10.7,0.0,0.0,25.2,28279.83
2020-12-07,10.0,0.2,0.0,26.2,28184.36
2020-12-08,6.7,0.0,0.0,15.4,28094.53
2020-12-09,4.5,2.3,0.0,17.8,28010.51
2020-12-10,0.8,0.0,0.0,16.5,27932.5
2020-12-11,1.4,0.0,0.0,20.4,27860.68
2020-12-12,3.8,0.0,0.0,15.9,27795.22
2020-12-13,4.0,0.0,0.0,8.9,27736.31
2020-12-14,7.0,0.0,0.0,18.0,27684.11
2020-12-15,7.2,0.0,0.0,15.9,27638.78
2020-12-16,8.7,0.0,0.0,17.8,27600.51
2020-12-17,8.0,1.0,0.0,18.8,27569.44
2020-12-18,7.6,0.0,0.0,14.1,27545.72
2020-12-19,5.9,0.0,0.0,14.9,27529.47
2020-12-20,4.9,0.4,0.0,14.6,27520.45
2020-12-21,6.2,0.6,0.0,19.4,27518.52
2020-12-22,12.7,11.6,0.0,29.0,27523.64
2020-12-23,9.1,4.2,0.0,13.4,27535.73
2020-12-24,9.9,3.5,0.0,27.7,27554.71
2020-12-25,4.0,0.1,0.0,16.8,27580.49
2020-12-26,2.1,0.1,0.0,23.4,27612.99
2020-12-27,2.5,0.0,0.0,32.0,27652.11
2020-12-28,4.4,0.2,0.0,20.5,27697.75
2020-12-29,4.0,1.0,0.7,18.9,27749.81
2020-12-30,4.6,0.0,0.0,18.0,27808.18
2020-12-31,4.1,0.2,0.0,14.8,27872.74
2021-01-01,2.2,0.4,0.21,9.6,27943.4
2021-01-02,2.7,0.0,0.0,11.7,28020.02
2021-01-03,0.8,0.4,7.42,21.7,28102.48
2021-01-04,1.3,0.4,2.24,18.3,28190.67
2021-01-05,2.8,0.4,0.14,18.1,28284.46
2021-01-06,2.9,3.0,0.28,17.2,28383.72
2021-01-07,1.7,0.7,0.28,18.5,28488.32
2021-01-08,1.5,0.2,0.07,11.3,28598.34
2021-01-09,2.4,0.2,0.0,10.6,28714.99
2021-01-10,1.5,0.0,0.0,16.6,28838.25
2021-01-11,2.1,0.0,0.77,25.0,28967.81
2021-01-12,2.2,4.5,1.68,27.0,29103.37
2021-01-13,3.0,0.9,1.61,30.2,29244.62
2021-01-14,2.7,0.0,2.52,27.8,29391.27
2021-01-15,0.4,0.0,0.28,20.0,29543.01
2021-01-16,-1.0,0.0,0.14,18.5,29699.56
2021-01-17,-0.5,0.0,0.0,10.7,29860.63
2021-01-18,2.0,3.0,1.19,20.8,30025.94
2021-01-19,4.8,6.1,2.52,20.8,30195.21
2021-01-20,7.8,0.3,0.0,25.7,30368.17
2021-01-21,12.4,0.3,0.0,29.5,30544.55
2021-01-22,10.2,0.1,0.0,33.7,30724.1
2021-01-23,2.4,2.4,0.77,16.1,30906.57
2021-01-24,1.4,1.4,2.1,11.2,31091.69
2021-01-25,2.5,0.2,0.07,15.2,31279.24
2021-01-26,2.6,0.1,0.0,18.1,31468.98
2021-01-27,3.8,0.0,0.07,15.0,31660.68
2021-01-28,3.5,0.8,0.14,19.3,31854.43
2021-01-29,-0.4,0.0,0.84,14.6,32052.22
2021-01-30,1.3,0.0,2.38,15.9,32254.17
2021-01-31,-0.6,0.0,0.0,12.7,32459.96
2021-02-01,0.7,0.0,0.0,18.5,32669.31
2021-02-02,1.5,1.0,0.7,13.7,32881.9
2021-02-03,8.0,12.2,0.0,22.4,33097.46
2021-02-04,6.9,1.6,0.77,24.0,33315.7
2021-02-05,0.8,0.0,1.89,21.3,33536.35
2021-02-06,-0.2,0.0,0.14,28.6,33759.14
2021-02-07,-4.4,0.1,2.59,33.0,33983.83
2021-02-08,-7.2,0.0,3.71,28.0,34210.15
2021-02-09,-7.0,0.0,0.35,11.0,34437.87
2021-02-10,-5.7,0.0,0.07,9.6,34666.75
2021-02-11,-3.2,0.0,0.63,13.1,34896.56
2021-02-12,-3.3,0.0,0.0,15.2,35127.08
2021-02-13,-1.2,0.0,0.0,15.6,35358.09
2021-02-14,-4.2,0.0,0.0,13.2,35589.38
2021-02-15,-0.7,0.0,2.31,21.1,35820.73
2021-02-16,2.3,0.7,0.98,16.4,36051.96
2021-02-17,7.2,1.2,0.0,21.3,36283.17
2021-02-18,10.2,0.0,0.0,20.1,36516.4
2021-02-19,9.3,3.7,0.0,25.4,36751.86
2021-02-20,12.3,0.0,0.0,16.2,36989.33
2021-02-21,14.7,0.0,0.0,14.0,37228.6
2021-02-22,11.3,0.0,0.0,12.2,37469.46
2021-02-23,16.5,0.0,0.0,13.0,37711.71
2021-02-24,17.9,0.0,0.0,13.2,37955.16
2021-02-25,17.8,0.0,0.0,15.1,38199.59
2021-02-26,9.7,4.1,0.0,18.7,38444.84
2021-02-27,7.4,0.0,0.0,19.6,38690.71
2021-02-28,6.0,0.0,0.0,14.1,38937.02
2021-03-01,7.4,0.0,0.0,9.7,39183.59
2021-03-02,10.7,0.0,0.0,10.0,39430.26
2021-03-03,13.4,0.0,0.0,15.3,39676.84
2021-03-04,5.8,0.0,0.0,16.6,39923.17
2021-03-05,5.5,0.0,0.07,16.3,40169.07
2021-03-06,3.6,0.0,0.0,18.4,40414.39
2021-03-07,4.1,0.7,0.0,25.6,40658.95
2021-03-08,5.2,0.3,0.0,13.3,40902.6
2021-03-09,5.6,0.0,0.0,9.6,41145.45
2021-03-10,7.3,0.0,0.0,16.5,41389.34
2021-03-11,10.2,6.7,0.0,33.0,41634.52
2021-03-12,9.6,2.5,0.0,29.6,41880.82
2021-03-13,9.6,5.0,0.0,35.0,42128.08
2021-03-14,8.3,4.8,0.0,38.5,42376.17
2021-03-15,7.7,4.9,0.0,21.6,42624.92
2021-03-16,7.0,1.0,0.0,26.3,42874.2
2021-03-17,5.3,0.9,0.07,15.5,43123.84
2021-03-18,6.7,2.1,0.63,11.7,43373.7
2021-03-19,4.1,0.5,0.7,27.5,43623.64
2021-03-20,3.4,0.0,0.07,20.8,43873.51
2021-03-21,9.2,2.1,0.0,30.4,44123.16
2021-03-22,9.5,0.0,0.0,13.0,44372.45
2021-03-23,7.6,0.0,0.0,15.9,44621.21
2021-03-24,11.3,0.0,0.0,14.8,44869.32
2021-03-25,14.4,0.0,0.0,12.1,45116.61
2021-03-26,15.1,1.0,0.0,10.7,45362.93
2021-03-27,10.4,2.8,0.0,29.2,45608.12
2021-03-28,11.2,0.1,0.0,24.7,45852.04
2021-03-29,17.7,0.1,0.0,19.7,46094.78
2021-03-30,20.0,0.0,0.0,13.1,46338.06
2021-03-31,21.7,0.0,0.0,11.6,46582.11
2021-04-01,17.0,1.0,0.0,25.0,46826.8
2021-04-02,11.7,0.0,0.0,25.3,47071.98
2021-04-03,9.0,0.5,0.0,22.0,47317.52
2021-04-04,9.7,0.0,0.0,21.6,47563.27
2021-04-05,6.3,4.0,0.0,32.7,47809.11
2021-04-06,6.0,0.7,1.12,25.1,48054.86
2021-04-07,6.4,0.5,0.28,28.7,48300.39
2021-04-08,7.3,0.1,0.49,30.2,48545.55
2021-04-09,12.3,0.0,0.0,25.6,48790.19
2021-04-10,9.6,4.9,0.0,15.5,49034.15
2021-04-11,18.9,2.9,0.0,23.5,49277.27
2021-04-12,8.0,0.9,0.0,19.3,49519.38
2021-04-13,8.6,0.4,0.0,18.1,49760.31
2021-04-14,7.9,0.4,0.0,17.7,49999.91
2021-04-15,7.1,1.4,0.42,25.6,50237.98
2021-04-16,10.3,0.4,0.0,20.3,50474.34
2021-04-17,13.5,1.9,0.0,14.1,50708.81
2021-04-18,12.0,6.1,0.0,12.1,50941.46
2021-04-19,16.6,0.2,0.0,12.8,51173.96
2021-04-20,16.8,0.1,0.0,12.3,51406.55
2021-04-21,15.9,0.1,0.0,20.0,51639.05
2021-04-22,10.4,0.8,0.0,27.7,51871.3
2021-04-23,12.3,0.0,0.0,25.5,52103.16
2021-04-24,10.2,0.0,0.0,15.7,52334.44
2021-04-25,9.7,0.7,0.0,17.7,52564.99
2021-04-26,9.1,0.0,0.0,15.2,52794.62
2021-04-27,11.9,0.0,0.0,16.6,53023.15
2021-04-28,16.6,0.0,0.0,15.6,53250.4
2021-04-29,16.2,2.4,0.0,24.0,53476.17
2021-04-30,11.1,0.3,0.0,21.7,53700.27
2021-05-01,12.6,0.1,0.0,10.4,53922.48
2021-05-02,11.7,10.0,0.0,21.6,54142.61
2021-05-03,10.6,1.6,0.0,25.3,54360.42
2021-05-04,14.2,1.0,0.0,35.9,54575.7
2021-05-05,12.5,2.2,0.0,35.2,54788.21
2021-05-06,10.9,0.4,0.0,27.7,54997.72
2021-05-07,9.0,6.5,0.0,23.7,55203.99
2021-05-08,13.6,0.0,0.0,16.3,55407.0
2021-05-09,24.4,0.0,0.0,18.3,55608.35
2021-05-10,28.1,0.0,0.0,16.7,55808.21
2021-05-11,27.2,2.2,0.0,20.5,56006.39
2021-05-12,15.9,7.4,0.0,15.9,56202.71
2021-05-13,13.4,10.1,0.0,20.0,56396.98
2021-05-14,12.4,3.0,0.0,23.9,56588.97
2021-05-15,17.5,3.4,0.0,22.6,56778.51
2021-05-16,16.3,1.0,0.0,15.5,56965.36
2021-05-17,17.6,1.0,0.0,12.0,57149.32
2021-05-18,14.9,1.5,0.0,18.7,57330.16
2021-05-19,16.2,1.5,0.0,19.1,57507.65
2021-05-20,16.0,0.4,0.0,18.5,57681.55
2021-05-21,19.3,0.5,0.0,27.0,57851.64
2021-05-22,16.8,2.3,0.0,31.0,58017.65
2021-05-23,15.7,5.1,0.0,20.4,58179.34
2021-05-24,20.4,0.0,0.0,23.0,58336.46
2021-05-25,15.6,3.0,0.0,25.7,58488.74
2021-05-26,15.3,4.0,0.0,24.0,58635.91
2021-05-27,15.3,5.0,0.0,26.7,58777.73
2021-05-28,15.8,0.5,0.0,16.9,58914.08
2021-05-29,16.8,0.1,0.0,24.1,59046.11
2021-05-30,18.7,0.0,0.0,23.0,59173.91
2021-05-31,20.3,0.0,0.0,10.5,59297.35
2021-06-01,22.9,0.0,0.0,17.4,59416.26
2021-06-02,23.8,0.3,0.0,18.5,59530.5
2021-06-03,26.0,0.0,0.0,18.2,59639.9
2021-06-04,23.2,0.1,0.0,18.2,59744.32
2021-06-05,27.3,0.0,0.0,16.7,59843.6
2021-06-06,27.3,0.0,0.0,14.2,59937.6
2021-06-07,26.4,0.0,0.0,11.4,60026.16
2021-06-08,25.9,0.0,0.0,15.3,60109.12
2021-06-09,26.3,0.0,0.0,10.2,60186.34
2021-06-10,27.5,0.2,0.0,15.8,60257.68
2021-06-11,26.8,0.0,0.0,18.6,60322.98
2021-06-12,20.4,3.5,0.0,26.8,60382.12
2021-06-13,19.0,0.1,0.0,25.1,60434.95
2021-06-14,25.8,0.0,0.0,11.2,60481.33
2021-06-15,24.6,1.2,0.0,14.8,60521.13
2021-06-16,27.2,0.0,0.0,15.9,60554.25
2021-06-17,32.7,0.0,0.0,18.6,60580.56
2021-06-18,33.5,0.0,0.0,19.3,60600.26
2021-06-19,34.6,0.0,0.0,14.6,60613.41
2021-06-20,33.0,1.5,0.0,22.2,60620.04
2021-06-21,30.9,2.5,0.0,19.6,60620.21
2021-06-22,21.3,0.0,0.0,17.8,60613.95
2021-06-23,20.7,0.7,0.0,12.4,60601.33
2021-06-24,20.5,3.7,0.0,12.8,60582.4
2021-06-25,22.9,0.1,0.0,10.5,60557.22
2021-06-26,25.6,0.3,0.0,19.7,60525.86
2021-06-27,25.9,0.0,0.0,8.7,60488.41
2021-06-28,29.9,0.0,0.0,12.6,60444.92
2021-06-29,29.2,0.4,0.0,12.9,60395.49
2021-06-30,19.7,41.3,0.0,23.4,60340.2
2021-07-01,17.6,28.7,0.0,24.4,60279.14
2021-07-02,22.5,0.3,0.0,16.6,60212.4
2021-07-03,23.1,0.2,0.0,14.6,60140.07
2021-07-04,24.5,0.0,0.0,12.3,60062.27
2021-07-05,22.9,0.9,0.0,14.0,59979.08
2021-07-06,28.6,0.2,0.0,24.5,59890.61
2021-07-07,21.8,12.9,0.0,15.1,59796.82
2021-07-08,21.9,1.5,0.0,10.8,59696.84
2021-07-09,20.4,12.0,0.0,23.0,59590.71
2021-07-10,23.4,4.7,0.0,24.6,59478.65
2021-07-11,26.0,0.0,0.0,15.1,59360.92
2021-07-12,25.2,3.3,0.0,16.9,59237.75
2021-07-13,28.3,0.2,0.0,15.8,59109.36
2021-07-14,26.7,1.1,0.0,17.4,58976.0
2021-07-15,25.2,0.6,0.0,11.7,58837.9
2021-07-16,28.1,0.2,0.0,14.3,58695.28
2021-07-17,26.5,4.5,0.0,19.5,58548.38
2021-07-18,25.6,0.0,0.0,17.7,58397.41
2021-07-19,19.7,0.1,0.0,16.6,58242.6
2021-07-20,20.2,0.2,0.0,13.8,58084.15
2021-07-21,21.4,0.2,0.0,14.6,57922.29
2021-07-22,21.9,1.1,0.0,12.4,57757.2
2021-07-23,24.0,1.5,0.0,14.4,57589.12
2021-07-24,28.0,0.0,0.0,16.1,57418.21
2021-07-25,28.7,2.0,0.0,17.4,57244.69
2021-07-26,28.6,1.0,0.0,12.2,57068.73
2021-07-27,26.3,0.2,0.0,18.2,56890.29
2021-07-28,24.1,1.9,0.0,17.6,56707.88
2021-07-29,23.9,0.4,0.0,29.8,56521.43
2021-07-30,25.7,0.0,0.0,27.0,56331.23
2021-07-31,24.2,0.0,0.0,30.1,56137.51
2021-08-01,21.7,0.8,0.0,14.7,55940.54
2021-08-02,21.7,0.0,0.0,25.2,55740.54
2021-08-03,20.9,0.8,0.0,9.9,55537.77
2021-08-04,21.6,3.1,0.0,16.3,55332.45
2021-08-05,22.8,2.6,0.0,16.8,55124.82
2021-08-06,23.8,3.9,0.0,17.1,54915.07
2021-08-07,23.4,3.7,0.0,14.5,54703.44
2021-08-08,22.8,0.3,0.0,23.7,54490.12
2021-08-09,23.2,0.6,0.0,17.2,54275.31
2021-08-10,22.0,4.8,0.0,16.3,54059.21
2021-08-11,21.8,0.9,0.0,14.9,53842.0
2021-08-12,26.5,0.0,0.0,10.7,53623.87
2021-08-13,28.7,0.0,0.0,17.7,53405.0
2021-08-14,26.5,0.1,0.0,20.6,53185.55
2021-08-15,25.4,0.0,0.0,16.6,52965.68
2021-08-16,23.8,3.7,0.0,27.0,52745.33
2021-08-17,18.2,1.5,0.0,37.2,52522.85
2021-08-18,19.2,0.6,0.0,26.8,52298.1
2021-08-19,20.7,0.3,0.0,24.9,52071.27
2021-08-20,20.6,3.5,0.0,19.6,51842.58
2021-08-21,21.9,0.2,0.0,11.4,51612.19
2021-08-22,22.3,8.2,0.0,17.7,51380.3
2021-08-23,20.7,5.8,0.0,26.3,51147.09
2021-08-24,20.6,0.0,0.0,22.3,50912.73
2021-08-25,22.3,3.5,0.0,24.9,50677.39
2021-08-26,16.7,6.2,0.0,18.8,50441.23
2021-08-27,16.2,7.7,0.0,18.5,50204.41
2021-08-28,18.8,1.9,0.0,10.5,49967.09
2021-08-29,19.1,19.9,0.0,11.4,49729.42
2021-08-30,17.1,4.8,0.0,19.5,49491.55
2021-08-31,19.8,0.8,0.0,23.7,49253.62
2021-09-01,21.3,0.0,0.0,16.9,49015.79
2021-09-02,20.9,0.0,0.0,15.5,48778.18
2021-09-03,22.7,0.0,0.0,18.9,48540.93
2021-09-04,18.4,0.2,0.0,11.2,48304.17
2021-09-05,21.6,0.0,0.0,15.0,48067.81
2021-09-06,22.0,0.0,0.0,12.9,47830.22
2021-09-07,21.4,0.0,0.0,10.4,47591.23
2021-09-08,23.9,0.0,0.0,10.3,47350.97
2021-09-09,25.9,0.0,0.0,13.4,47109.62
2021-09-10,25.0,0.5,0.0,12.6,46867.32
2021-09-11,22.7,0.6,0.0,13.4,46624.2
2021-09-12,21.6,0.2,0.0,16.0,46380.42
2021-09-13,19.4,0.4,0.0,16.1,46136.12
2021-09-14,21.6,0.0,0.0,15.1,45891.43
2021-09-15,24.7,5.8,0.0,19.5,45646.49
2021-09-16,18.5,0.2,0.0,19.8,45401.44
2021-09-17,17.1,0.2,0.0,20.8,45156.41
2021-09-18,17.9,0.3,0.0,18.7,44911.54
2021-09-19,15.8,0.1,0.0,13.5,44666.95
2021-09-20,15.2,0.0,0.0,9.8,44422.78
2021-09-21,15.5,1.2,0.0,19.4,44179.16
2021-09-22,16.7,0.1,0.0,18.2,43936.22
2021-09-23,19.1,1.5,0.0,33.2,43694.1
2021-09-24,17.3,0.1,0.0,27.7,43452.92
2021-09-25,21.0,0.6,0.0,21.2,43212.57
2021-09-26,23.9,0.3,0.0,16.5,42971.37
2021-09-27,21.4,0.0,0.0,14.6,42729.11
2021-09-28,17.2,1.1,0.0,16.1,42485.95
2021-09-29,16.4,9.3,0.0,18.3,42242.02
2021-09-30,14.7,0.9,0.0,24.7,41997.49
2021-10-01,17.7,0.0,0.0,18.5,41752.48
2021-10-02,19.6,0.0,0.0,19.9,41507.16
2021-10-03,21.9,0.0,0.0,22.8,41261.67
2021-10-04,17.3,1.4,0.0,13.0,41016.15
2021-10-05,15.8,10.8,0.0,17.6,40770.77
2021-10-06,16.1,0.1,0.0,14.5,40525.66
2021-10-07,17.1,0.0,0.0,9.7,40280.98
2021-10-08,15.8,0.0,0.0,13.4,40036.89
2021-10-09,14.4,0.0,0.0,16.2,39793.56
2021-10-10,13.4,0.0,0.0,13.0,39551.12
2021-10-11,13.7,0.2,0.0,18.9,39309.75
2021-10-12,11.8,3.4,0.0,23.2,39069.62
2021-10-13,11.7,0.1,0.0,14.7,38830.89
2021-10-14,12.8,1.8,0.0,18.7,38593.73
2021-10-15,13.8,3.8,0.0,29.7,38358.04
2021-10-16,11.2,0.6,0.0,13.8,38121.97
2021-10-17,11.9,1.3,0.0,15.6,37885.27
2021-10-18,15.5,0.2,0.0,14.4,37648.13
2021-10-19,15.9,1.6,0.0,19.2,37410.72
2021-10-20,18.9,4.8,0.0,35.6,37173.22
2021-10-21,16.4,8.0,0.0,47.9,36935.82
2021-10-22,10.3,4.8,0.0,42.5,36698.71
2021-10-23,10.9,0.0,0.0,27.7,36462.07
2021-10-24,12.0,0.0,0.0,15.2,36226.1
2021-10-25,11.4,0.0,0.0,13.7,35991.0
2021-10-26,13.6,0.2,0.0,21.4,35756.98
2021-10-27,14.9,0.0,0.0,20.5,35524.25
2021-10-28,15.3,0.0,0.0,15.1,35293.03
2021-10-29,14.1,0.0,0.0,13.0,35063.54
2021-10-30,14.7,0.0,0.0,18.4,34836.0
2021-10-31,16.9,0.0,0.0,18.4,34610.65
2021-11-01,12.3,4.1,0.0,16.7,34387.73
2021-11-02,11.0,3.5,0.0,10.6,34167.51
2021-11-03,10.5,0.0,0.0,12.2,33950.22
2021-11-04,8.7,32.2,0.0,37.1,33735.82
2021-11-05,9.7,5.5,0.0,30.6,33522.27
2021-11-06,11.3,0.1,0.0,26.3,33309.37
2021-11-07,10.2,1.3,0.0,28.8,33097.3
2021-11-08,10.3,3.0,0.0,24.6,32886.33
2021-11-09,10.8,0.3,0.0,12.0,32676.67
2021-11-10,8.4,0.1,0.0,9.6,32468.56
2021-11-11,7.7,0.0,0.0,9.5,32262.26
2021-11-12,8.3,0.0,0.0,16.8,32058.0
2021-11-13,8.4,0.0,0.0,13.2,31856.06
2021-11-14,6.5,1.0,0.0,14.2,31656.69
2021-11-15,6.5,0.0,0.0,15.3,31460.18
2021-11-16,8.2,0.0,0.0,12.7,31266.8
2021-11-17,7.4,0.3,0.0,22.6,31076.85
2021-11-18,9.7,2.1,0.0,27.1,30890.61
2021-11-19,12.1,0.6,0.0,27.4,30708.4
2021-11-20,11.4,0.8,0.0,23.8,30530.53
2021-11-21,9.1,1.0,0.0,22.4,30357.3
2021-11-22,5.7,0.0,0.0,15.6,30189.05
2021-11-23,7.1,0.2,0.0,18.1,30026.12
2021-11-24,7.6,0.4,0.0,13.4,29868.53
2021-11-25,5.5,0.0,0.0,18.0,29714.55
2021-11-26,5.6,0.1,0.07,16.0,29564.0
2021-11-27,3.3,2.1,0.14,12.6,29417.08
2021-11-28,3.3,0.0,0.0,9.8,29274.01
2021-11-29,3.0,0.9,0.28,15.5,29135.01
2021-11-30,5.7,4.4,0.7,33.8,29000.3
2021-12-01,8.4,5.6,0.0,36.7,28870.1
2021-12-02,6.0,0.0,0.0,38.3,28744.65
2021-12-03,3.1,0.1,0.49,26.2,28624.17
2021-12-04,2.7,1.2,1.61,21.5,28508.9
2021-12-05,1.5,0.3,2.73,17.1,28399.07
2021-12-06,2.2,0.0,0.14,12.8,28294.91
2021-12-07,1.0,0.0,0.0,20.2,28196.66
2021-12-08,0.5,0.0,0.14,23.1,28104.55
2021-12-09,-0.6,0.0,1.54,15.3,28018.81
2021-12-10,0.4,0.0,1.96,11.9,27939.69
2021-12-11,0.4,0.0,0.0,12.8,27867.41
2021-12-12,2.8,1.1,0.07,15.4,27802.19
2021-12-13,7.5,0.5,0.0,9.6,27744.27
2021-12-14,7.6,0.3,0.0,13.4,27693.74
2021-12-15,8.9,0.1,0.0,16.5,27649.98
2021-12-16,8.7,0.4,0.0,19.8,27612.86
2021-12-17,6.3,0.0,0.0,17.7,27582.38
2021-12-18,7.1,0.1,0.0,21.0,27558.55
2021-12-19,6.9,1.0,0.0,27.8,27541.38
2021-12-20,3.8,0.0,0.0,17.6,27530.87
2021-12-21,0.6,0.0,0.28,8.5,27527.0
2021-12-22,-0.2,0.0,0.0,13.5,27529.77
2021-12-23,0.7,0.1,3.64,15.5,27539.14
2021-12-24,3.6,9.4,1.33,18.4,27555.12
2021-12-25,-2.9,0.0,0.0,9.7,27577.65
2021-12-26,-3.5,0.0,0.0,17.9,27606.71
2021-12-27,-0.4,0.0,0.14,21.1,27642.26
2021-12-28,2.1,1.0,0.0,20.9,27684.25
2021-12-29,3.6,0.2,0.0,10.1,27732.63
2021-12-30,11.7,1.6,0.0,23.7,27787.35
2021-12-31,13.1,3.9,0.0,27.9,27848.37
2022-01-01,12.1,0.6,0.0,23.4,27915.6
2022-01-02,11.7,2.3,0.0,29.2,27988.99
2022-01-03,9.7,2.9,0.0,36.4,28068.61
2022-01-04,7.3,2.3,0.0,16.2,28155.34
2022-01-05,4.6,0.7,0.0,29.5,28249.12
2022-01-06,3.0,0.2,0.0,23.2,28349.69
2022-01-07,2.6,0.6,0.0,20.7,28456.78
2022-01-08,2.8,0.3,0.35,17.7,28570.12
2022-01-09,2.8,0.4,0.0,21.0,28689.46
2022-01-10,4.3,0.4,0.0,12.8,28814.51
2022-01-11,-0.5,0.0,0.0,12.5,28945.03
2022-01-12,2.2,0.0,0.0,16.3,29080.74
2022-01-13,5.5,0.0,0.0,23.1,29221.39
2022-01-14,6.9,0.1,0.0,32.5,29366.72
2022-01-15,3.0,0.0,0.0,10.9,29516.48
2022-01-16,4.1,0.3,0.0,25.1,29670.42
2022-01-17,5.9,2.1,0.0,36.0,29828.3
2022-01-18,5.6,0.0,0.0,17.4,29989.87
2022-01-19,4.5,0.0,0.0,28.7,30154.91
2022-01-20,4.6,0.4,0.7,31.5,30323.17
2022-01-21,2.4,0.4,0.98,21.9,30494.44
2022-01-22,3.8,1.5,0.0,19.5,30668.49
2022-01-23,6.2,0.4,0.0,14.9,30845.41
2022-01-24,5.6,0.0,0.0,11.6,31027.06
2022-01-25,4.5,0.0,0.0,14.4,31213.53
2022-01-26,4.1,0.5,0.0,22.7,31404.49
2022-01-27,6.0,0.9,0.0,33.7,31599.63
2022-01-28,6.3,0.1,0.0,36.6,31798.62
2022-01-29,8.6,7.1,0.07,38.9,32001.17
2022-01-30,7.1,0.2,0.0,44.4,32206.97
2022-01-31,3.4,0.4,0.28,19.0,32415.73
2022-02-01,5.8,3.8,1.26,32.9,32627.18
2022-02-02,6.3,0.4,0.0,39.7,32841.04
2022-02-03,6.3,3.0,0.0,16.8,33057.04
2022-02-04,8.1,1.9,0.0,34.4,33274.92
2022-02-05,5.4,1.3,0.07,33.2,33494.43
2022-02-06,7.5,8.6,0.0,36.0,33715.33
2022-02-07,6.0,1.5,0.07,32.4,33937.38
2022-02-08,8.4,1.6,0.0,28.7,34160.34
2022-02-09,9.4,0.8,0.0,24.5,34384.0
2022-02-10,9.5,1.9,0.0,18.0,34608.12
2022-02-11,5.4,0.7,0.0,18.6,34832.51
2022-02-12,4.9,0.0,0.0,16.8,35057.27
2022-02-13,7.4,0.0,0.0,18.4,35284.46
2022-02-14,12.4,0.0,0.0,22.3,35514.29
2022-02-15,8.8,0.1,0.0,23.5,35746.51
2022-02-16,10.0,6.6,0.0,35.2,35980.88
2022-02-17,11.9,7.1,0.0,49.7,36217.18
2022-02-18,10.3,3.9,0.0,42.0,36455.17
2022-02-19,6.9,0.7,0.0,46.8,36694.65
2022-02-20,8.1,7.7,0.0,29.9,36935.4
2022-02-21,9.0,5.2,0.0,42.7,37177.21
2022-02-22,7.2,3.8,0.0,30.1,37419.88
2022-02-23,9.0,0.1,0.0,32.7,37663.21
2022-02-24,10.4,0.6,0.0,34.0,37907.02
2022-02-25,6.4,1.6,0.98,32.8,38151.1
2022-02-26,6.6,0.1,0.0,19.2,38395.27
2022-02-27,6.0,0.0,0.0,12.9,38639.36
2022-02-28,5.0,0.0,0.0,13.0,38883.18
2022-03-01,6.7,0.0,0.0,14.7,39126.56
2022-03-02,6.5,0.0,0.0,8.9,39369.32
2022-03-03,3.1,0.0,0.0,13.0,39611.29
2022-03-04,4.5,0.0,0.0,15.8,39852.59
2022-03-05,4.5,0.1,0.0,11.7,40095.11
2022-03-06,2.2,0.0,0.0,13.5,40339.09
2022-03-07,7.9,0.0,0.0,17.7,40584.35
2022-03-08,8.6,0.0,0.0,8.7,40830.74
2022-03-09,10.4,0.0,0.0,10.1,41078.09
2022-03-10,7.7,0.0,0.0,22.1,41326.25
2022-03-11,6.9,0.0,0.0,27.2,41575.05
2022-03-12,9.6,0.0,0.0,20.8,41824.35
2022-03-13,11.1,0.0,0.0,21.5,42073.98
2022-03-14,12.1,0.9,0.0,16.7,42323.79
2022-03-15,11.9,0.6,0.0,15.0,42573.64
2022-03-16,11.1,0.0,0.0,16.0,42823.38
2022-03-17,12.3,0.2,0.0,18.7,43072.85
2022-03-18,12.1,0.0,0.0,15.2,43321.9
2022-03-19,9.7,0.2,0.0,24.3,43570.38
2022-03-20,11.0,0.0,0.0,24.0,43818.14
2022-03-21,12.7,0.0,0.0,19.7,44065.04
2022-03-22,15.4,0.0,0.0,12.5,44310.91
2022-03-23,16.9,0.0,0.0,13.4,44555.6
2022-03-24,14.8,0.0,0.0,12.2,44799.22
2022-03-25,15.9,0.0,0.0,13.6,45043.51
2022-03-26,12.6,0.1,0.0,21.9,45288.7
2022-03-27,14.6,0.0,0.0,9.8,45534.66
2022-03-28,15.1,0.0,0.0,15.9,45781.24
2022-03-29,11.8,0.0,0.0,21.4,46028.3
2022-03-30,8.2,0.0,0.0,20.2,46275.72
2022-03-31,6.5,0.0,0.07,26.2,46523.34
2022-04-01,7.1,0.0,0.28,28.4,46771.01
2022-04-02,5.0,0.0,0.0,27.3,47018.61
2022-04-03,6.9,0.0,0.0,20.8,47265.97
2022-04-04,7.8,5.1,0.07,42.4,47512.95
2022-04-05,8.7,3.8,0.0,29.9,47759.41
2022-04-06,11.9,1.5,0.0,31.6,48005.18
2022-04-07,14.5,11.3,0.0,43.5,48250.11
2022-04-08,8.9,3.8,0.42,36.2,48494.04
2022-04-09,9.4,0.8,0.0,31.6,48736.81
2022-04-10,8.3,1.7,0.35,27.6,48978.25
2022-04-11,11.0,0.0,0.0,19.1,49218.18
2022-04-12,15.4,0.0,0.0,17.4,49456.44
2022-04-13,20.6,0.0,0.0,17.0,49693.09
2022-04-14,16.9,4.7,0.0,14.4,49929.84
2022-04-15,10.3,1.7,0.0,23.1,50166.91
2022-04-16,11.9,0.0,0.0,22.1,50404.12
2022-04-17,14.0,0.0,0.0,13.8,50641.37
2022-04-18,14.7,0.0,0.0,13.8,50878.48
2022-04-19,13.5,0.0,0.0,24.1,51115.28
2022-04-20,14.1,0.1,0.0,22.0,51351.62
2022-04-21,13.0,0.5,0.0,20.6,51587.35
2022-04-22,13.2,0.6,0.0,25.6,51822.28
2022-04-23,16.8,0.0,0.0,20.9,52056.24
2022-04-24,16.7,0.2,0.0,24.4,52289.05
2022-04-25,13.7,0.5,0.0,19.7,52520.53
2022-04-26,16.2,0.0,0.0,15.0,52750.48
2022-04-27,16.4,0.0,0.0,12.2,52978.7
2022-04-28,16.5,0.0,0.0,13.0,53204.99
2022-04-29,18.4,0.0,0.0,10.7,53429.15
2022-04-30,18.6,0.1,0.0,12.6,53650.95
2022-05-01,16.4,0.0,0.0,14.0,53870.17
2022-05-02,18.8,0.0,0.0,14.2,54086.59
2022-05-03,18.5,0.0,0.0,15.9,54300.21
2022-05-04,19.2,0.8,0.0,10.5,54512.7
2022-05-05,18.4,14.2,0.0,13.9,54724.2
2022-05-06,19.4,0.0,0.0,9.7,54934.57
2022-05-07,22.0,0.7,0.0,18.9,55143.61
2022-05-08,19.3,0.2,0.0,16.6,55351.14
2022-05-09,21.2,0.0,0.0,12.4,55556.95
2022-05-10,26.0,0.0,0.0,18.6,55760.85
2022-05-11,27.4,4.6,0.0,28.7,55962.64
2022-05-12,19.3,0.9,0.0,32.4,56162.11
2022-05-13,18.6,0.1,0.0,31.0,56359.02
2022-05-14,19.9,0.0,0.0,27.7,56553.16
2022-05-15,20.8,0.0,0.0,16.9,56744.3
2022-05-16,24.6,0.0,0.0,18.8,56932.21
2022-05-17,21.2,11.9,0.0,19.1,57116.63
2022-05-18,24.3,0.0,0.0,20.8,57297.32
2022-05-19,28.6,0.0,0.0,17.0,57474.02
2022-05-20,24.4,7.5,0.0,23.2,57646.47
2022-05-21,18.3,1.9,0.0,33.8,57814.4
2022-05-22,18.8,0.3,0.0,16.5,57977.55
2022-05-23,22.1,0.0,0.0,26.5,58135.84
2022-05-24,21.9,0.3,0.0,25.7,58290.56
2022-05-25,19.9,0.1,0.0,20.0,58441.86
2022-05-26,20.4,0.1,0.0,32.8,58589.55
2022-05-27,17.9,3.7,0.0,32.0,58733.45
2022-05-28,15.2,1.2,0.0,34.2,58873.38
2022-05-29,14.8,1.4,0.0,15.5,59009.18
2022-05-30,15.8,0.2,0.0,16.6,59140.64
2022-05-31,18.3,0.0,0.0,9.2,59267.61
2022-06-01,19.0,0.5,0.0,22.5,59389.85
2022-06-02,18.5,1.2,0.0,20.2,59507.22
2022-06-03,24.0,0.0,0.0,15.3,59619.52
2022-06-04,22.6,0.0,0.0,17.9,59726.55
2022-06-05,27.4,0.3,0.0,19.8,59828.12
2022-06-06,25.2,1.1,0.0,18.5,59924.04
2022-06-07,23.5,0.1,0.0,18.7,60014.14
2022-06-08,24.9,0.1,0.0,12.8,60098.2
2022-06-09,21.1,1.8,0.0,15.8,60176.06
2022-06-10,25.0,0.0,0.0,17.9,60247.53
2022-06-11,26.4,0.0,0.0,20.9,60312.41
2022-06-12,25.7,0.7,0.0,17.2,60370.64
2022-06-13,20.8,0.6,0.0,24.9,60422.62
2022-06-14,19.4,0.1,0.0,19.3,60468.47
2022-06-15,24.7,0.0,0.0,12.7,60508.14
2022-06-16,24.0,0.0,0.0,20.5,60541.62
2022-06-17,25.0,0.0,0.0,13.0,60568.9
2022-06-18,34.1,0.0,0.0,24.2,60589.95
2022-06-19,35.6,1.4,0.0,29.5,60604.79
2022-06-20,17.2,4.1,0.0,18.0,60613.4
2022-06-21,23.6,0.0,0.0,19.7,60615.8
2022-06-22,26.8,0.0,0.0,15.9,60611.97
2022-06-23,29.6,0.0,0.0,17.8,60601.96
2022-06-24,31.8,1.2,0.0,24.0,60585.77
2022-06-25,27.5,11.7,0.0,13.9,60563.43
2022-06-26,29.9,0.5,0.0,15.5,60534.98
2022-06-27,34.5,0.0,0.0,22.6,60500.43
2022-06-28,24.8,6.8,0.0,19.2,60459.84
2022-06-29,25.1,0.3,0.0,15.7,60413.24
2022-06-30,27.2,2.6,0.0,12.4,60360.69
2022-07-01,26.1,4.8,0.0,25.4,60302.23
2022-07-02,25.6,0.0,0.0,15.5,60237.8
2022-07-03,28.9,0.0,0.0,21.2,60166.82
2022-07-04,24.8,0.0,0.0,19.8,60089.3
2022-07-05,24.8,0.1,0.0,16.6,60005.44
2022-07-06,20.2,0.0,0.0,22.2,59915.46
2022-07-07,21.0,17.7,0.0,22.0,59819.57
2022-07-08,19.8,0.1,0.0,23.3,59717.95
2022-07-09,19.9,2.1,0.0,23.0,59610.81
2022-07-10,19.7,0.3,0.0,26.5,59498.38
2022-07-11,22.7,0.4,0.0,16.6,59380.84
2022-07-12,27.2,0.0,0.0,23.5,59258.41
2022-07-13,30.5,0.0,0.0,25.2,59131.28
2022-07-14,24.9,0.0,0.0,26.3,58999.65
2022-07-15,20.2,0.2,0.0,25.9,58863.74
2022-07-16,21.7,3.2,0.0,30.2,58723.73
2022-07-17,23.0,0.0,0.0,18.8,58579.81
2022-07-18,28.3,0.0,0.0,9.1,58432.18
2022-07-19,35.0,0.0,0.0,14.1,58281.04
2022-07-20,37.7,0.0,0.0,17.6,58126.54
2022-07-21,28.8,3.8,0.0,19.5,57968.89
2022-07-22,24.4,0.2,0.0,18.5,57808.05
2022-07-23,24.0,5.9,0.0,17.9,57642.62
2022-07-24,27.3,0.0,0.0,10.4,57472.6
2022-07-25,35.1,3.0,0.0,23.6,57298.23
2022-07-26,24.4,3.1,0.0,23.7,57119.78
2022-07-27,20.5,0.0,0.0,19.3,56937.52
2022-07-28,22.5,0.0,0.0,13.4,56751.7
2022-07-29,27.8,0.0,0.0,22.4,56562.57
2022-07-30,26.2,0.0,0.0,18.0,56370.38
2022-07-31,27.8,0.0,0.0,13.7,56175.34
2022-08-01,24.5,0.8,0.0,19.7,55977.71
2022-08-02,27.2,0.0,0.0,9.7,55777.69
2022-08-03,33.1,0.0,0.0,9.7,55575.5
2022-08-04,37.2,0.0,0.0,17.7,55371.38
2022-08-05,28.8,5.1,0.0,23.7,55165.49
2022-08-06,22.4,0.0,0.0,18.0,54958.05
2022-08-07,23.6,0.0,0.0,12.8,54749.27
2022-08-08,26.7,0.0,0.0,16.2,54539.3
2022-08-09,27.3,0.0,0.0,17.5,54328.35
2022-08-10,28.7,0.0,0.0,12.0,54116.58
2022-08-11,29.7,0.0,0.0,13.7,53903.92
2022-08-12,29.7,0.0,0.0,16.6,53688.75
2022-08-13,28.9,5.9,0.0,15.9,53470.93
2022-08-14,32.2,0.1,0.0,16.3,53250.68
2022-08-15,29.6,0.8,0.0,18.9,53028.22
2022-08-16,29.3,0.0,0.0,11.3,52803.76
2022-08-17,32.2,0.0,0.0,14.8,52577.48
2022-08-18,32.5,0.2,0.0,15.2,52349.6
2022-08-19,24.9,11.6,0.0,17.6,52120.28
2022-08-20,21.7,6.5,0.0,14.3,51889.73
2022-08-21,23.4,0.0,0.0,14.2,51658.11
2022-08-22,22.8,0.0,0.0,13.7,51425.59
2022-08-23,25.2,0.0,0.0,16.8,51192.36
2022-08-24,26.7,0.1,0.0,15.5,50958.57
2022-08-25,27.3,0.7,0.0,13.6,50724.37
2022-08-26,27.0,20.6,0.0,12.8,50489.92
2022-08-27,23.0,9.5,0.0,16.4,50255.39
2022-08-28,22.0,0.5,0.0,17.9,50020.9
2022-08-29,21.7,0.1,0.0,18.6,49786.61
2022-08-30,21.0,0.6,0.0,13.5,49552.66
2022-08-31,21.4,0.3,0.0,17.3,49318.95
2022-09-01,20.4,0.0,0.0,15.5,49083.84
2022-09-02,20.7,0.0,0.0,17.4,48847.19
2022-09-03,21.4,0.0,0.0,23.4,48609.14
2022-09-04,23.3,0.0,0.0,21.1,48369.84
2022-09-05,24.0,0.0,0.0,19.5,48129.47
2022-09-06,21.9,0.0,0.0,23.1,47888.16
2022-09-07,25.6,0.6,0.0,16.6,47646.07
2022-09-08,19.5,13.6,0.0,18.4,47403.34
2022-09-09,21.0,0.2,0.0,12.7,47160.12
2022-09-10,21.3,0.6,0.0,12.7,46916.54
2022-09-11,19.6,1.0,0.0,15.8,46672.74
2022-09-12,20.3,0.1,0.0,9.8,46428.86
2022-09-13,19.9,3.8,0.0,15.5,46185.03
2022-09-14,18.7,0.0,0.0,15.3,45941.38
2022-09-15,17.9,0.4,0.0,23.6,45698.04
2022-09-16,16.6,5.1,0.0,29.2,45455.16
2022-09-17,15.2,1.8,0.0,25.6,45212.85
2022-09-18,14.4,6.0,0.0,29.2,44971.24
2022-09-19,15.5,4.0,0.0,22.4,44730.47
2022-09-20,14.9,3.3,0.0,17.8,44490.41
2022-09-21,16.3,0.3,0.0,11.6,44249.41
2022-09-22,15.9,0.0,0.0,9.4,44007.3
2022-09-23,16.3,0.0,0.0,11.1,43764.2
2022-09-24,15.8,1.5,0.0,8.2,43520.25
2022-09-25,17.3,0.5,0.0,11.4,43275.62
2022-09-26,16.6,0.1,0.0,24.3,43030.44
2022-09-27,12.8,5.7,0.0,19.2,42784.84
2022-09-28,12.1,2.0,0.0,12.1,42538.97
2022-09-29,13.9,0.2,0.0,8.7,42292.98
2022-09-30,16.1,0.1,0.0,10.4,42047.01
2022-10-01,13.5,2.6,0.0,25.3,41801.2
2022-10-02,16.1,0.2,0.0,26.2,41555.69
2022-10-03,15.3,0.0,0.0,29.3,41310.62
2022-10-04,17.2,0.1,0.0,16.1,41066.16
2022-10-05,19.0,0.0,0.0,19.0,40822.44
2022-10-06,17.5,0.4,0.0,25.6,40579.61
2022-10-07,17.3,0.0,0.0,13.4,40337.83
2022-10-08,15.9,0.4,0.0,24.6,40097.25
2022-10-09,15.5,0.0,0.0,15.0,39858.03
2022-10-10,17.0,0.0,0.0,18.7,39620.05
2022-10-11,15.1,0.0,0.0,19.2,39381.51
2022-10-12,15.2,0.0,0.0,10.4,39142.19
2022-10-13,16.5,0.0,0.0,18.4,38902.25
2022-10-14,16.5,0.2,0.0,13.3,38661.86
2022-10-15,17.9,4.2,0.0,14.5,38421.18
2022-10-16,20.1,0.2,0.0,19.0,38180.4
2022-10-17,23.9,0.0,0.0,18.1,37939.68
2022-10-18,16.5,18.8,0.0,13.0,37699.2
2022-10-19,13.9,0.1,0.0,15.6,37459.14
2022-10-20,13.5,0.0,0.0,22.6,37219.68
2022-10-21,15.4,1.6,0.0,16.6,36981.02
2022-10-22,18.6,0.3,0.0,18.5,36743.35
2022-10-23,18.1,0.0,0.0,15.6,36506.86
2022-10-24,19.7,1.6,0.0,28.5,36271.77
2022-10-25,16.2,0.3,0.0,24.3,36038.27
2022-10-26,17.0,0.0,0.0,10.9,35806.58
2022-10-27,19.4,0.0,0.0,12.4,35576.92
2022-10-28,21.8,0.0,0.0,18.6,35349.52
2022-10-29,19.2,0.0,0.0,15.2,35124.59
2022-10-30,20.7,0.0,0.0,12.3,34902.09
2022-10-31,17.2,0.0,0.0,12.2,34680.0
2022-11-01,17.3,0.9,0.0,14.9,34458.09
2022-11-02,14.9,0.4,0.0,24.9,34236.56
2022-11-03,12.4,0.0,0.0,19.6,34015.64
2022-11-04,11.1,3.6,0.0,13.9,33795.54
2022-11-05,11.6,6.3,0.0,14.2,33576.48
2022-11-06,11.2,0.0,0.0,19.1,33358.71
2022-11-07,14.0,0.3,0.0,24.9,33142.46
2022-11-08,15.7,0.0,0.0,17.5,32927.97
2022-11-09,14.8,0.2,0.0,21.0,32715.49
2022-11-10,13.4,0.2,0.0,21.8,32505.29
2022-11-11,12.7,0.0,0.0,17.4,32297.63
2022-11-12,12.0,0.0,0.0,11.1,32092.79
2022-11-13,10.8,0.0,0.0,21.1,31891.04
2022-11-14,10.9,0.0,0.0,17.6,31692.68
2022-11-15,12.0,0.0,0.0,12.6,31497.99
2022-11-16,7.0,0.3,0.0,23.2,31307.31
2022-11-17,5.4,2.7,0.0,34.3,31120.91
2022-11-18,2.1,0.2,0.35,23.1,30939.14
2022-11-19,1.9,0.0,0.77,17.8,30762.01
2022-11-20,0.8,0.0,0.28,15.2,30587.63
2022-11-21,0.9,0.0,0.14,12.4,30415.79
2022-11-22,2.5,0.0,0.0,21.4,30246.73
2022-11-23,6.2,0.0,0.0,14.2,30080.69
2022-11-24,4.4,0.0,0.0,10.5,29917.88
2022-11-25,6.4,3.9,0.0,10.0,29758.56
2022-11-26,8.3,1.3,0.0,13.8,29602.98
2022-11-27,7.1,0.0,0.0,17.3,29451.39
2022-11-28,5.0,0.0,0.0,24.7,29304.04
2022-11-29,5.2,0.3,0.0,14.0,29161.21
2022-11-30,5.0,1.5,0.0,13.9,29023.14
2022-12-01,0.8,0.0,0.56,13.0,28890.12
2022-12-02,2.0,0.1,1.26,17.3,28762.4
2022-12-03,-0.2,0.0,0.28,17.1,28640.27
2022-12-04,2.2,0.0,0.0,15.2,28524.01
2022-12-05,3.3,2.3,0.0,14.9,28413.89
2022-12-06,2.9,1.3,0.0,14.4,28310.18
2022-12-07,3.6,0.8,0.14,23.1,28213.18
2022-12-08,3.1,0.6,0.49,18.8,28123.16
2022-12-09,1.1,0.0,0.0,8.2,28040.22
2022-12-10,-0.7,0.0,0.0,10.6,27963.35
2022-12-11,-1.3,0.0,0.91,13.2,27892.42
2022-12-12,0.1,0.0,0.63,18.6,27827.52
2022-12-13,-1.4,0.0,0.14,14.1,27768.72
2022-12-14,-2.1,0.0,0.0,11.7,27716.11
2022-12-15,-2.0,0.0,0.0,10.0,27669.75
2022-12-16,-1.8,0.0,0.0,10.1,27629.73
2022-12-17,-2.2,0.0,0.0,9.0,27596.1
2022-12-18,-2.5,0.0,0.0,18.1,27568.94
2022-12-19,3.2,8.4,0.0,23.2,27548.3
2022-12-20,7.6,0.2,0.0,20.9,27534.23
2022-12-21,6.8,2.7,0.0,16.4,27526.77
2022-12-22,7.2,1.7,0.0,15.7,27525.99
2022-12-23,6.4,6.6,0.0,15.4,27531.9
2022-12-24,7.3,7.8,0.0,15.5,27544.54
2022-12-25,8.6,5.9,0.0,18.9,27563.95
2022-12-26,10.1,1.0,0.0,21.3,27590.14
2022-12-27,5.7,0.0,0.0,30.9,27623.11
2022-12-28,7.4,2.2,0.0,24.8,27662.9
2022-12-29,12.3,1.4,0.0,28.3,27709.58
2022-12-30,8.9,2.2,0.0,27.2,27763.63
2022-12-31,16.5,2.8,0.0,30.3,27825.0
2023-01-01,15.9,0.0,0.0,31.3,27893.46
2023-01-02,14.4,2.6,0.0,22.8,27968.8
2023-01-03,8.7,0.0,0.0,18.7,28050.82
2023-01-04,10.3,10.3,0.0,31.6,28139.3
2023-01-05,9.5,1.9,0.0,34.0,28234.01
2023-01-06,10.1,0.5,0.0,22.3,28334.75
2023-01-07,10.2,0.0,0.0,16.4,28441.3
2023-01-08,8.3,1.3,0.0,16.7,28553.43
2023-01-09,8.1,4.1,0.0,19.7,28670.92
2023-01-10,7.5,0.0,0.0,19.2,28793.56
2023-01-11,8.0,7.4,0.0,22.0,28921.14
2023-01-12,9.9,5.1,0.0,31.3,29053.42
2023-01-13,10.1,2.3,0.0,27.7,29190.22
2023-01-14,8.3,8.3,0.0,30.7,29331.3
2023-01-15,9.2,4.0,0.0,31.6,29476.47
2023-01-16,6.8,0.0,0.0,24.1,29625.52
2023-01-17,4.3,0.6,0.07,27.2,29778.25
2023-01-18,1.8,0.4,0.56,10.2,29934.73
2023-01-19,2.1,0.0,0.0,17.9,30096.65
2023-01-20,1.9,0.0,0.14,10.0,30264.07
2023-01-21,3.1,1.0,3.08,28.8,30436.64
2023-01-22,1.9,0.3,0.49,20.9,30614.04
2023-01-23,2.6,0.0,0.0,11.7,30795.95
2023-01-24,2.1,0.0,0.0,9.3,30982.05
2023-01-25,1.7,0.0,0.0,8.6,31172.04
2023-01-26,0.3,0.0,0.0,8.9,31365.61
2023-01-27,3.1,0.2,0.07,20.1,31562.47
2023-01-28,1.9,0.0,0.0,11.8,31762.35
2023-01-29,2.5,0.0,0.14,23.5,31964.96
2023-01-30,4.8,5.4,0.35,33.5,32170.01
2023-01-31,5.5,4.8,0.0,33.5,32377.27
2023-02-01,5.6,4.2,0.42,30.3,32586.46
2023-02-02,5.8,0.7,0.0,34.8,32797.36
2023-02-03,8.1,7.8,0.56,40.3,33009.69
2023-02-04,3.7,0.1,0.0,28.7,33223.24
2023-02-05,1.3,0.0,0.0,12.5,33437.78
2023-02-06,0.8,0.0,0.49,14.8,33653.08
2023-02-07,1.1,0.0,0.0,9.8,33869.24
2023-02-08,1.5,0.0,0.0,15.3,34088.35
2023-02-09,3.0,0.0,0.0,19.8,34310.57
2023-02-10,6.0,0.0,0.0,20.8,34535.64
2023-02-11,7.8,0.2,0.0,25.0,34763.3
2023-02-12,8.0,0.0,0.0,12.7,34993.29
2023-02-13,7.6,0.1,0.0,14.4,35225.37
2023-02-14,7.0,0.0,0.0,7.9,35459.28
2023-02-15,7.8,0.0,0.0,12.1,35694.8
2023-02-16,10.2,0.3,0.0,14.0,35931.71
2023-02-17,12.0,3.4,0.0,37.3,36169.77
2023-02-18,10.0,12.3,0.0,36.4,36408.77
2023-02-19,6.9,2.4,0.0,23.8,36648.51
2023-02-20,9.6,1.0,0.0,39.9,36888.77
2023-02-21,11.2,1.5,0.0,30.2,37129.36
2023-02-22,10.0,0.0,0.0,16.6,37370.08
2023-02-23,10.7,0.7,0.0,17.5,37610.73
2023-02-24,6.6,2.1,0.14,27.1,37851.13
2023-02-25,3.7,3.3,1.68,26.9,38091.1
2023-02-26,3.0,0.0,0.91,21.4,38330.44
2023-02-27,3.9,0.0,0.49,11.2,38569.28
2023-02-28,4.8,0.0,0.07,9.5,38809.57
2023-03-01,7.4,0.0,0.0,8.3,39051.54
2023-03-02,5.4,0.0,0.0,10.4,39295.0
2023-03-03,3.9,0.0,0.0,17.0,39539.77
2023-03-04,6.1,0.6,0.0,25.1,39785.69
2023-03-05,4.0,0.2,0.14,26.6,40032.58
2023-03-06,3.7,0.5,1.89,18.7,40280.27
2023-03-07,4.8,2.3,0.91,27.4,40528.6
2023-03-08,3.6,0.6,0.49,14.7,40777.4
2023-03-09,2.1,0.7,3.43,17.9,41026.51
2023-03-10,9.8,10.3,0.0,19.1,41275.77
2023-03-11,3.4,1.6,4.9,28.3,41525.02
2023-03-12,6.1,1.2,0.35,20.9,41774.12
2023-03-13,15.4,5.0,0.0,28.8,42022.89
2023-03-14,13.7,5.4,0.07,33.3,42271.19
2023-03-15,6.5,0.5,0.0,22.3,42518.87
2023-03-16,8.6,0.0,0.0,17.8,42765.76
2023-03-17,13.1,0.0,0.0,20.4,43011.72
2023-03-18,17.3,0.3,0.0,14.8,43256.58
2023-03-19,15.4,6.3,0.0,16.0,43500.46
2023-03-20,11.8,1.4,0.0,20.9,43745.13
2023-03-21,11.1,2.9,0.0,13.0,43990.82
2023-03-22,15.9,0.8,0.0,26.0,44237.39
2023-03-23,14.9,4.0,0.0,27.8,44484.7
2023-03-24,15.9,1.7,0.0,31.5,44732.6
2023-03-25,11.9,5.3,0.0,26.4,44980.96
2023-03-26,10.9,1.9,0.0,26.9,45229.64
2023-03-27,6.3,0.7,0.84,27.1,45478.48
2023-03-28,7.0,0.0,0.14,28.8,45727.36
2023-03-29,10.6,0.0,0.0,22.2,45976.13
2023-03-30,16.8,5.4,0.0,25.3,46224.64
2023-03-31,13.3,8.3,0.0,22.5,46472.75
2023-04-01,9.3,6.3,0.0,23.7,46720.3
2023-04-02,7.8,0.0,0.0,26.1,46967.15
2023-04-03,3.9,0.0,0.0,24.2,47213.16
2023-04-04,5.8,0.0,0.0,13.5,47458.14
2023-04-05,7.3,1.3,0.21,12.6,47701.95
2023-04-06,9.8,0.0,0.0,13.2,47944.43
2023-04-07,5.7,1.6,0.0,15.2,48185.41
2023-04-08,11.6,0.2,0.0,15.5,48424.97
2023-04-09,12.5,0.0,0.0,10.5,48664.83
2023-04-10,15.5,0.0,0.0,20.9,48905.21
2023-04-11,12.2,5.8,0.0,28.9,49145.95
2023-04-12,14.6,2.9,0.0,23.1,49386.91
2023-04-13,12.8,0.0,0.0,16.8,49627.96
2023-04-14,8.8,9.9,0.0,21.2,49868.93
2023-04-15,11.2,3.8,0.0,23.1,50109.68
2023-04-16,10.7,1.6,0.0,16.9,50350.04
2023-04-17,11.2,3.2,0.0,17.3,50589.86
2023-04-18,13.6,0.1,0.0,21.9,50828.96
2023-04-19,11.5,4.2,0.0,26.8,51067.18
2023-04-20,14.9,1.3,0.0,19.8,51304.35
2023-04-21,18.8,0.0,0.0,21.7,51540.28
2023-04-22,20.7,0.0,0.0,16.4,51774.79
2023-04-23,16.4,3.3,0.0,16.2,52007.7
2023-04-24,16.0,0.6,0.0,25.8,52238.79
2023-04-25,10.5,0.0,0.0,24.8,52467.87
2023-04-26,9.8,0.5,0.0,23.6,52694.73
2023-04-27,10.2,0.4,0.0,17.0,52919.18
2023-04-28,15.5,0.0,0.0,18.9,53141.21
2023-04-29,14.6,0.5,0.0,21.7,53362.54
2023-04-30,13.2,0.0,0.0,12.2,53583.32
2023-05-01,17.4,0.0,0.0,14.4,53803.42
2023-05-02,12.8,0.4,0.0,20.2,54022.64
2023-05-03,14.9,0.0,0.0,11.2,54240.81
2023-05-04,17.2,0.0,0.0,15.0,54457.75
2023-05-05,18.6,0.1,0.0,28.7,54673.25
2023-05-06,11.0,12.1,0.0,24.5,54887.14
2023-05-07,15.1,0.0,0.0,21.7,55099.19
2023-05-08,16.7,0.0,0.0,24.3,55309.22
2023-05-09,18.1,0.0,0.0,26.2,55516.99
2023-05-10,21.6,0.0,0.0,23.7,55722.29
2023-05-11,21.5,0.0,0.0,22.7,55924.89
2023-05-12,21.7,0.0,0.0,23.8,56124.55
2023-05-13,22.1,0.0,0.0,27.5,56321.04
2023-05-14,21.1,0.0,0.0,25.4,56514.09
2023-05-15,20.0,0.0,0.0,16.4,56703.47
2023-05-16,16.1,0.0,0.0,21.7,56888.9
2023-05-17,15.1,0.1,0.0,21.3,57070.12
2023-05-18,15.3,0.0,0.0,17.9,57247.09
2023-05-19,18.2,0.0,0.0,20.3,57421.23
2023-05-20,19.7,0.0,0.0,22.7,57592.68
2023-05-21,26.3,0.1,0.0,23.0,57761.26
2023-05-22,25.3,0.0,0.0,20.5,57926.78
2023-05-23,22.5,2.6,0.0,27.6,58089.05
2023-05-24,15.5,0.7,0.0,20.0,58247.89
2023-05-25,18.8,0.0,0.0,14.6,58403.08
2023-05-26,18.8,0.0,0.0,17.6,58554.42
2023-05-27,19.9,0.0,0.0,8.4,58701.7
2023-05-28,22.7,0.0,0.0,17.6,58844.71
2023-05-29,21.1,0.0,0.0,15.1,58983.26
2023-05-30,21.6,0.0,0.0,16.7,59117.1
2023-05-31,24.1,0.0,0.0,11.0,59246.02
2023-06-01,21.7,0.0,0.0,17.6,59369.82
2023-06-02,19.7,0.3,0.0,22.7,59488.24
2023-06-03,19.6,0.0,0.0,13.4,59601.09
2023-06-04,22.7,0.0,0.0,10.3,59708.12
2023-06-05,25.3,0.0,0.0,18.3,59809.12
2023-06-06,25.5,0.4,0.0,15.8,59903.86
2023-06-07,28.4,0.0,0.0,15.5,59992.25
2023-06-08,28.3,0.0,0.0,19.4,60074.99
2023-06-09,28.5,0.0,0.0,20.7,60152.16
2023-06-10,28.9,0.1,0.0,20.5,60223.72
2023-06-11,26.4,0.0,0.0,19.3,60289.54
2023-06-12,25.5,0.0,0.0,20.2,60349.57
2023-06-13,23.7,0.0,0.0,22.5,60403.73
2023-06-14,23.7,0.0,0.0,19.7,60451.98
2023-06-15,22.9,0.2,0.0,13.5,60494.22
2023-06-16,19.9,28.9,0.0,21.9,60530.41
2023-06-17,20.9,1.6,0.0,12.6,60560.51
2023-06-18,24.7,0.1,0.0,10.5,60584.44
2023-06-19,27.1,0.6,0.0,16.6,60602.17
2023-06-20,25.5,1.7,0.0,14.8,60613.66
2023-06-21,27.8,3.3,0.0,22.9,60618.88
2023-06-22,27.3,2.3,0.0,22.4,60617.79
2023-06-23,20.3,27.9,0.0,21.6,60610.36
2023-06-24,24.6,0.0,0.0,15.0,60596.59
2023-06-25,26.4,0.5,0.0,10.5,60576.43
2023-06-26,29.3,4.4,0.0,24.0,60549.91
2023-06-27,20.5,1.0,0.0,26.7,60516.95
2023-06-28,22.1,0.0,0.0,24.9,60477.19
2023-06-29,24.9,0.0,0.0,11.3,60430.7
2023-06-30,21.6,8.2,0.0,14.8,60377.63
2023-07-01,23.8,2.3,0.0,25.7,60318.13
2023-07-02,21.8,1.7,0.0,33.1,60252.36
2023-07-03,21.5,0.0,0.0,28.3,60180.47
2023-07-04,22.3,0.4,0.0,28.9,60102.64
2023-07-05,24.8,3.7,0.0,29.7,60019.02
2023-07-06,22.3,0.4,0.0,16.6,59929.8
2023-07-07,27.5,0.0,0.0,9.7,59835.13
2023-07-08,30.1,0.0,0.0,19.4,59735.19
2023-07-09,31.6,0.0,0.0,14.5,59630.14
2023-07-10,30.9,1.4,0.0,26.6,59520.16
2023-07-11,29.7,0.0,0.0,20.9,59405.43
2023-07-12,27.7,0.1,0.0,28.0,59286.11
2023-07-13,25.6,0.1,0.0,26.0,59162.36
2023-07-14,25.9,0.0,0.0,16.2,59034.36
2023-07-15,34.6,0.0,0.0,18.7,58902.28
2023-07-16,28.7,1.1,0.0,24.9,58766.27
2023-07-17,26.4,0.1,0.0,26.4,58626.31
2023-07-18,24.4,0.0,0.0,16.9,58481.16
2023-07-19,25.3,0.3,0.0,17.8,58330.82
2023-07-20,22.2,1.2,0.0,21.5,58175.55
2023-07-21,21.1,1.4,0.0,15.7,58015.61
2023-07-22,21.7,0.2,0.0,24.2,57851.29
2023-07-23,27.8,0.5,0.0,31.6,57682.82
2023-07-24,27.6,11.6,0.0,26.6,57510.46
2023-07-25,21.9,0.0,0.0,19.3,57334.46
2023-07-26,19.9,0.3,0.0,18.7,57155.05
2023-07-27,20.0,4.2,0.0,18.9,56972.48
2023-07-28,22.5,34.6,0.0,22.4,56786.96
2023-07-29,23.8,11.6,0.0,23.1,56598.74
2023-07-30,23.8,7.9,0.0,20.6,56408.02
2023-07-31,20.2,5.8,0.0,25.7,56215.0
2023-08-01,21.2,13.3,0.0,23.5,56019.91
2023-08-02,22.5,6.4,0.0,24.5,55822.94
2023-08-03,23.3,2.4,0.0,32.8,55624.29
2023-08-04,21.6,0.8,0.0,18.7,55424.14
2023-08-05,21.1,0.2,0.0,11.0,55222.68
2023-08-06,17.7,11.5,0.0,15.5,55019.83
2023-08-07,19.2,1.6,0.0,33.6,54814.01
2023-08-08,19.8,4.7,0.0,33.2,54605.1
2023-08-09,20.0,0.2,0.0,17.4,54393.34
2023-08-10,20.3,0.2,0.0,16.6,54178.96
2023-08-11,24.8,0.0,0.0,11.7,53962.19
2023-08-12,27.0,6.0,0.0,22.0,53743.23
2023-08-13,25.8,0.0,0.0,14.9,53522.31
2023-08-14,29.3,0.1,0.0,13.3,53299.63
2023-08-15,29.7,14.9,0.0,14.5,53075.38
2023-08-16,26.9,7.8,0.0,15.5,52849.76
2023-08-17,25.5,0.9,0.0,19.9,52622.95
2023-08-18,29.4,1.2,0.0,25.2,52395.14
2023-08-19,31.0,0.0,0.0,11.6,52166.5
2023-08-20,28.9,0.2,0.0,16.6,51937.19
2023-08-21,26.9,0.0,0.0,14.6,51707.4
2023-08-22,25.7,0.0,0.0,12.0,51477.29
2023-08-23,26.6,0.0,0.0,16.2,51247.0
2023-08-24,28.1,0.0,0.0,13.4,51016.69
2023-08-25,29.5,5.8,0.0,15.5,50786.51
2023-08-26,25.2,0.9,0.0,23.4,50556.37
2023-08-27,21.5,0.8,0.0,12.1,50324.63
2023-08-28,19.3,0.0,0.0,17.2,50091.13
2023-08-29,16.6,4.9,0.0,12.6,49856.05
2023-08-30,19.8,0.1,0.0,11.2,49619.55
2023-08-31,18.3,2.2,0.0,26.6,49381.79
2023-09-01,20.5,0.0,0.0,17.6,49142.93
2023-09-02,21.9,0.6,0.0,10.5,48903.15
2023-09-03,20.6,0.0,0.0,17.3,48662.59
2023-09-04,24.3,0.0,0.0,8.4,48421.38
2023-09-05,26.9,0.0,0.0,14.9,48179.7
2023-09-06,28.4,0.0,0.0,10.1,47937.66
2023-09-07,28.5,0.0,0.0,17.5,47695.43
2023-09-08,28.9,0.0,0.0,14.5,47453.14
2023-09-09,30.2,0.0,0.0,15.5,47210.91
2023-09-10,30.2,0.0,0.0,10.2,46968.9
2023-09-11,30.1,0.0,0.0,9.0,46727.22
2023-09-12,29.7,0.0,0.0,14.5,46486.02
2023-09-13,23.8,7.4,0.0,30.3,46245.41
2023-09-14,20.8,0.0,0.0,15.6,46005.53
2023-09-15,23.0,0.0,0.0,18.7,45766.26
2023-09-16,25.3,0.0,0.0,15.6,45525.99
2023-09-17,27.2,0.0,0.0,11.7,45284.51
2023-09-18,27.8,0.5,0.0,20.6,45041.98
2023-09-19,20.7,0.1,0.0,27.1,44798.53
2023-09-20,24.7,0.0,0.0,21.3,44554.3
2023-09-21,27.9,0.0,0.0,16.7,44309.46
2023-09-22,19.7,3.8,0.0,18.7,44064.11
2023-09-23,18.3,0.0,0.0,24.1,43818.42
2023-09-24,19.4,0.0,0.0,10.8,43572.51
2023-09-25,21.5,0.0,0.0,14.1,43326.52
2023-09-26,24.1,0.0,0.0,12.7,43080.58
2023-09-27,26.0,0.0,0.0,12.6,42834.84
2023-09-28,25.8,0.0,0.0,12.2,42589.44
2023-09-29,23.4,1.4,0.0,17.3,42344.51
2023-09-30,19.3,0.0,0.0,23.2,42100.19
2023-10-01,20.0,0.3,0.0,16.5,41856.61
2023-10-02,24.7,0.0,0.0,12.0,41613.93
2023-10-03,24.4,8.2,0.0,27.5,41372.28
2023-10-04,17.4,0.3,0.0,31.0,41131.81
2023-10-05,16.3,1.0,0.0,32.2,40892.4
2023-10-06,17.9,1.7,0.0,27.1,40652.3
2023-10-07,17.5,11.6,0.0,30.9,40411.3
2023-10-08,14.3,1.5,0.0,14.5,40169.54
2023-10-09,12.2,4.1,0.0,11.9,39927.2
2023-10-10,16.9,2.0,0.0,17.1,39684.41
2023-10-11,22.6,0.0,0.0,23.9,39441.36
2023-10-12,19.2,5.4,0.0,23.0,39198.21
2023-10-13,21.0,0.5,0.0,30.2,38955.11
2023-10-14,20.0,4.7,0.0,35.8,38712.24
2023-10-15,10.7,0.4,0.0,28.7,38469.77
2023-10-16,10.5,0.4,0.0,20.6,38227.86
2023-10-17,10.5,0.0,0.0,7.9,37986.7
2023-10-18,11.8,0.0,0.0,20.0,37746.47
2023-10-19,8.4,4.2,0.0,21.9,37507.35
2023-10-20,7.2,7.8,0.0,30.6,37269.52
2023-10-21,17.3,0.0,0.0,22.9,37033.2
2023-10-22,15.9,1.4,0.0,16.5,36798.57
2023-10-23,14.9,0.3,0.0,12.9,36565.83
2023-10-24,14.2,8.9,0.0,17.8,36335.2
2023-10-25,13.5,0.2,0.0,16.2,36106.58
2023-10-26,11.4,6.5,0.0,16.9,35878.01
2023-10-27,11.0,7.1,0.0,12.7,35649.26
2023-10-28,12.0,5.1,0.0,11.4,35420.53
2023-10-29,16.2,5.1,0.0,27.2,35192.01
2023-10-30,15.4,0.0,0.0,23.3,34963.91
2023-10-31,12.9,3.7,0.0,34.4,34736.45
2023-11-01,14.5,0.3,0.0,18.8,34509.84
2023-11-02,14.0,4.1,0.0,23.2,34284.3
2023-11-03,11.1,0.0,0.0,17.8,34060.06
2023-11-04,11.2,1.7,0.0,24.7,33837.36
2023-11-05,12.4,8.4,0.0,29.4,33616.43
2023-11-06,12.6,2.6,0.0,31.7,33397.52
2023-11-07,11.9,0.0,0.0,25.0,33180.91
2023-11-08,10.8,1.4,0.0,25.5,32966.82
2023-11-09,11.7,0.3,0.0,21.9,32755.56
2023-11-10,10.8,0.2,0.0,19.4,32547.39
2023-11-11,9.1,0.7,0.0,11.8,32342.59
2023-11-12,7.9,1.1,0.0,15.9,32141.47
2023-11-13,9.9,4.5,0.0,24.3,31944.31
2023-11-14,12.7,0.8,0.0,36.1,31751.12
2023-11-15,9.4,1.9,0.0,24.4,31559.92
2023-11-16,8.6,2.5,0.0,24.6,31370.48
2023-11-17,5.8,0.0,0.0,26.2,31183.05
2023-11-18,6.3,0.1,0.0,17.8,30997.86
2023-11-19,11.6,8.1,0.56,25.8,30815.14
2023-11-20,11.0,15.8,0.0,16.5,30635.16
2023-11-21,8.2,1.9,0.07,18.1,30458.17
2023-11-22,0.8,0.0,0.0,21.2,30284.42
2023-11-23,10.8,4.8,0.07,42.2,30114.19
2023-11-24,7.5,0.7,2.59,34.6,29947.75
2023-11-25,3.0,0.1,0.21,21.5,29785.38
2023-11-26,0.9,0.0,0.0,14.0,29627.36
2023-11-27,1.7,0.1,1.61,21.5,29473.99
2023-11-28,0.2,0.0,1.26,22.7,29325.56
2023-11-29,0.8,0.0,2.1,23.8,29182.38
2023-11-30,-1.1,0.0,0.0,18.1,29044.74
2023-12-01,-2.8,0.0,0.0,10.1,28912.95
2023-12-02,-1.7,0.0,0.0,15.0,28787.33
2023-12-03,-0.9,0.0,0.0,13.3,28668.18
2023-12-04,-0.8,0.0,0.0,18.4,28555.6
2023-12-05,-0.6,0.1,0.49,20.5,28448.27
2023-12-06,0.6,1.0,0.7,15.9,28346.03
2023-12-07,1.1,0.0,0.0,8.0,28249.03
2023-12-08,1.4,0.1,1.12,21.2,28157.41
2023-12-09,4.7,0.7,0.0,20.3,28071.31
2023-12-10,7.1,7.9,0.14,27.4,27990.88
2023-12-11,8.5,17.4,0.0,27.7,27916.26
2023-12-12,6.7,1.8,0.0,23.4,27847.59
2023-12-13,5.0,9.3,0.0,19.7,27785.0
2023-12-14,3.8,1.5,0.0,15.3,27728.62
2023-12-15,5.5,0.5,0.0,14.8,27678.59
2023-12-16,7.8,0.1,0.0,23.2,27635.04
2023-12-17,9.8,0.0,0.0,24.0,27598.07
2023-12-18,7.1,0.0,0.0,22.5,27567.82
2023-12-19,7.4,7.0,0.0,21.2,27544.39
2023-12-20,6.6,5.8,0.0,33.4,27527.9
2023-12-21,8.8,17.7,0.28,37.8,27518.43
2023-12-22,4.4,0.8,0.98,39.7,27516.1
2023-12-23,3.1,1.7,0.98,28.7,27520.99
2023-12-24,10.7,10.9,1.05,31.2,27533.19
2023-12-25,10.5,5.9,0.0,31.6,27552.81
2023-12-26,9.7,16.6,0.0,32.6,27579.74
2023-12-27,5.1,0.0,0.0,24.1,27613.83
2023-12-28,10.2,0.0,0.0,25.9,27654.96
2023-12-29,10.7,6.9,0.0,30.4,27702.99
2023-12-30,8.5,2.6,0.0,29.8,27757.76
2023-12-31,7.5,1.6,0.0,18.6,27819.12
